회사명후보,기사수,최초날짜,최종날짜,대표제목
현대중공업,182,2012-10-22,2022-01-13,"[모닝터치R]현대중공업, 구조조정 성공 여부에 주목 - KDB대우증권"
국민은행,177,2010-07-29,2021-02-04,국민은행장 “인력 구조조정은 합당한 방법 아냐”
한국GM,168,2012-05-30,2026-05-31,한국GM 사무직 희망퇴직
이마트,136,2011-10-10,2026-04-06,"이마트, 텐진 5개점 문닫아 강도 높은 사업 구조조정"
대우조선,117,2015-07-21,2022-09-26,"최종구 ""대우조선, 인력 구조조정 필요성 크지 않다"""
LG디스플레이,112,2011-11-23,2026-06-25,"LGD, 조직개편 단행..""인적 구조조정은 없다"""
KT,106,2010-01-08,2026-03-30,"KT, 오늘부터 일선 지사장 대상 희망퇴직 접수 상무보 최소 50명 이상 옷 벗는다"
현대제철,93,2015-05-06,2026-01-21,"현대제철, 임단협 장기화에 희망퇴직까지 '추운 겨울'"
홈플러스,92,2013-01-15,2026-06-11,대형마트 규제 불똥 홈플러스 희망퇴직 실시
아시아나항공,81,2010-04-06,2020-12-03,아시아나항공 좌석 구조조정
신한은행,72,2014-01-12,2025-12-12,"신한은행, 부지점장급 이상 희망퇴직"
씨티은행,71,2010-11-26,2022-04-29,박진회 한국씨티은행장 “추가 구조조정 없을 것”
포스코,70,2011-06-28,2024-10-17,"포스코, 비핵심 사업 재편 계열사 구조조정 박차"
KB국민은행,64,2010-08-09,2024-12-26,"KB국민은행, 직원 3000여명에게 희망퇴직 권고 논란"
LG전자,63,2012-03-12,2026-04-14,"LG전자, PDP사업 구조조정 가속화"
롯데쇼핑,62,2015-07-22,2024-12-13,"롯데쇼핑, 구조조정 지속으로 수익성 개선-하이투자"
대한항공,58,2011-10-18,2026-05-14,"대한항공, 체코항공 구조조정은 긍정적으로 작용할 것-이트레이드"
아모레퍼시픽,57,2020-03-04,2026-01-07,"아모레퍼시픽, 반강제성 구조조정 논란 “희망퇴직 거부하니 괴롭혀”"
신한카드,56,2013-11-11,2026-04-23,신한카드 3년만에 희망퇴직 실시
르노삼성,56,2012-08-10,2021-01-25,"르노삼성, 희망퇴직 신청자 20여명 그쳐"
LG화학,51,2016-05-04,2026-04-16,"LG화학, 석유화학 구조조정 선제대응 나서"
이스타항공,50,2019-09-17,2020-10-14,"이스타항공, 매각설 일축 항공업계 ""2~3곳 구조조정 불가피"""
롯데케미칼,47,2015-09-16,2026-04-10,사업 구조조정 나선 롯데케미칼
하나은행,44,2011-08-19,2026-06-23,"하나은행, 희망퇴직 추진"
STX조선해양,42,2013-04-03,2020-06-30,"STX조선, 3차 구조조정 돌입"
우리은행,40,2014-03-12,2026-01-08,"우리은행, STX조선 구조조정 빠진다...정상화 작업 차질"
대우조선해양,40,2013-07-16,2021-01-13,"대우조선해양, 계열사 구조조정 착수"
롯데온,37,2024-06-05,2026-06-16,"롯데온, 2차 희망퇴직 진행 6개월 만에 또다시 인력조정"
금호타이어,37,2010-02-02,2025-05-28,"금호타이어, 다음주 구조조정 착수"
두산인프라코어,37,2014-07-28,2017-08-08,"두산인프라코어, 구조조정 효과 발현..목표가 상향-대우"
푸르밀,37,2022-10-28,2022-11-18,푸르밀 희망퇴직 전주공장 실직 도미노 우려
르노삼성차,36,2012-08-10,2021-03-03,"르노삼성차 희망퇴직, 기간 연장 대상 확대"
유암코,35,2015-10-07,2024-05-30,"유암코, 구조조정 2차PEF 조성 나서 최소 1000억 이상 예상"
현대증권,35,2014-06-11,2016-11-30,현대증권 구조조정 먼저 나간 직원만 ‘봉’
롯데마트,35,2019-11-20,2026-04-29,"[사설]롯데마트, 구조조정이 최선일까"
엔씨소프트,33,2012-06-13,2025-01-23,"엔씨소프트, 구조조정 여파로 2분기 적자-한화"
KB손보,33,2015-06-24,2024-07-31,"""200~300명 희망퇴직 저지"" KB손보 노조 투쟁선포식"
한진해운,33,2011-11-23,2016-11-03,"한진해운, 지배구조 변화에 따른 신속한 구조조정"
대신증권,33,2010-06-08,2016-06-15,"대신증권, 창사 후 첫 희망퇴직 302명 결정 정규직 16.6%"
LG생활건강,32,2023-06-02,2026-03-03,"LG생활건강 자회사 코카콜라음료, 첫 희망퇴직 단행"
11번가,32,2023-11-27,2026-07-06,희망퇴직에 전환배치까지 11번가 “전방위 비용 감축”
하이트진로,31,2012-11-28,2022-11-03,"하이트진로, 희망퇴직 실시키로"
두산,30,2013-02-08,2021-12-06,"두산, 실적 개선과 구조조정 효과 기대-KTB"
롯데백화점,29,2020-11-10,2021-10-17,롯데백화점 첫 희망퇴직 500명 신청 인력 구조 재편
삼성증권,28,2012-01-31,2015-02-17,"삼성증권, 구조조정 여파..임원 자릿수도 축소"
카카오,27,2022-03-21,2026-05-15,"김범수 석방 '카카오', 연내 5개 이상 법인 추가 구조조정 검토"
메리츠화재,27,2014-04-15,2024-06-06,"메리츠화재, ""인위적 인력감축 없어"""
롯데하이마트,24,2020-03-08,2023-12-05,"""롯데하이마트, 구조조정 효과와 함께 실적 턴어라운드 가능할 것"""
SKC,24,2010-09-17,2026-03-16,"SKC, 임직원 상대로 희망퇴직 모집 20여명 수준"
오비맥주,24,2016-11-03,2024-10-14,"오비맥주, 희망퇴직 실시"
iM증권,23,2024-10-04,2024-12-03,"iM증권, 영업점 절반 통폐합 초강력 구조조정 단행"
하이투자증권,23,2012-05-07,2022-12-02,"하이투자증권, ""3차 저축은행 구조조정 영향은 제한적"""
삼성중공업,23,2012-12-05,2021-01-14,"삼성중공업, 건설부문 구조조정 한다"
삼성물산,22,2014-04-03,2020-02-11,"[특징주]삼성물산, 잇단 계열사 구조조정에 강세"
현대상선,22,2013-03-04,2016-12-11,"[특징주]현대상선, 대규모 구조조정 소식에↑"
SK온,22,2024-09-26,2026-03-16,[단독] SKT 3억 위로금 퇴직 SK온 사상 첫 희망퇴직
하나금융투자,21,2015-11-11,2021-12-23,"하나금융투자 ""기활법, 부실기업 구조조정 촉진할 것"""
롯데칠성음료,20,2016-04-01,2025-12-24,과자 음료 판매하는 '마트' 사라진 롯데칠성 롯데제과 '적자'에 구조조정 돌입
현대해상,20,2016-06-03,2023-09-06,"현대해상, 13년만에 희망퇴직 실시"
LG유플러스,20,2022-06-09,2025-11-05,"LGU+, 희망퇴직 실시 2010년 합병 이후 처음"
BNK금융지주,19,2016-05-01,2025-12-17,"BNK금융, 유암코와 부울경 기업 구조조정 지원한다"
롯데면세점,19,2021-09-12,2024-08-06,롯데면세점 희망퇴직 단행 통상임금 32개월치 지급
알리안츠생명,19,2013-11-29,2016-09-06,"""알리안츠생명 10년만에 희망퇴직 실시"""
KB증권,19,2018-03-07,2024-12-10,"KB증권, 작년 초 합병 후 첫 희망퇴직 시행"
세븐일레븐,19,2024-10-15,2025-10-14,"세븐일레븐, 희망퇴직 단행 ""체질 개선 일환"""
삼성,19,2010-04-28,2024-10-02,"[강현철의 시사경제 뽀개기] 삼성, 한화에 화학 방산 계열사 4곳 매각 대기업, 과감한 사업 구조조정 신호탄 쏘다"
롯데건설,18,2026-04-13,2026-04-15,"롯데건설, 이달 24일까지 희망퇴직 실시 최대 30개월 기본급 보상"
CGV,18,2020-03-26,2025-03-11,"CGV, 코로나19에 녹다운 극장 문 닫고 희망퇴직 받아"
SK네트웍스,18,2013-08-02,2024-11-14,"SK네트웍스, 구조조정 노력 신규사업 확대 기회"
삼성SDI,18,2010-08-02,2016-10-27,"삼성SDI, 45세 이상 희망퇴직"
한화생명,17,2014-04-09,2022-04-01,"한화생명, 희망퇴직 아니면 지방발령 '논란'"
동양증권,17,2013-12-10,2014-01-10,"동양증권, 희망퇴직 600여명 신청 남은 직원 급여는 삭감"
GS리테일,17,2014-09-30,2026-06-26,"GS리테일, 적자 편의점 점포 구조조정 효과↑ '매수' - 현대증권"
미래에셋증권,16,2011-01-13,2023-01-06,"미래에셋증권, 조기 구조조정 프리미엄 목표가↑<현대證>"
삼성화재,16,2010-11-08,2017-11-01,"삼성화재, 삼성카드 희망퇴직"
우리투자증권,16,2010-05-17,2014-11-13,"우리투자증권, 구조조정 효과 실적에 반영 ‘매수’ - 현대증권"
미래에셋대우,16,2016-05-25,2019-01-17,"미래에셋대우, 합병 이후 첫 희망퇴직 290여명 회사 떠난다"
SK브로드밴드,16,2010-06-18,2025-12-16,"SK브로드밴드, 그룹내 `통신+방송` 구조조정 가능성 -키움"
두산그룹,16,2011-03-23,2022-08-16,두산그룹 구조조정 재시동
두산중공업,16,2014-12-04,2022-02-27,"[특징주]두산중공업, 인력 구조조정에 강세"
동국제강,15,2012-06-14,2025-07-27,"동국제강, 신사옥 `페럼타워` 매각 등 구조조정 나설듯"
OCI,15,2011-11-07,2020-04-29,태양광 업계 구조조정 지속..'OCI' 전략은?
SSG닷컴,15,2024-07-05,2024-07-08,"SSG닷컴, 첫 희망퇴직 실시 유통업계 구조조정 칼바람"
교보생명,15,2014-05-23,2021-12-13,"교보생명, 강도 높은 구조조정 이후 보니 "
NH투자증권,14,2015-03-10,2016-11-01,"NH투자증권, 희망퇴직 154명 확정"
락앤락,14,2014-09-05,2016-08-02,"락앤락, '신임대표' 선임으로 구조조정 가속 실적개선 가능할까?"
만도,14,2019-07-02,2020-10-30,"만도, 임원 20% 희망퇴직 생산물량 감소에 선제조치"
롯데웰푸드,13,2025-04-08,2026-02-24,"롯데웰푸드, 45세 이상 희망퇴직 실시...""미래 성장동력 확보 위해 조직 효율화"""
NH농협증권,13,2014-05-12,2014-05-26,"NH농협증권, 희망퇴직 확정 196명"
한진중공업,13,2011-01-07,2019-06-05,"한진중공업, 정리해고 앞두고 희망퇴직 추가접수"
한진,13,2011-01-16,2020-02-07,한진중 희망퇴직 40대 가장 목매 숨져
제주항공,13,2019-12-18,2021-05-31,"제주항공, 이스타 품는다 LCC 구조조정 본격화"
쌍용차,13,2010-08-23,2021-05-20,"마힌드라 ""쌍용차 추가 구조조정 없다"""
대우건설,13,2012-12-05,2024-06-05,"대우건설, 구조조정 등 조직개편 임원인사 단행"
KB손해보험,12,2021-06-07,2024-07-18,"KB손해보험, 3년 만에 희망퇴직 실시 “인력구조 개선”"
HMM,12,2022-11-30,2026-02-04,"HMM, 7년 만에 희망퇴직 실시 ""매각과는 무관"""
삼성생명,12,2010-06-14,2014-04-19,"삼성생명, 1000명 감원 금융권 구조조정 ‘태풍 예고’"
롯데홈쇼핑,12,2023-09-07,2023-12-05,롯데홈쇼핑-마트 이어 ‘컬처웍스’도 희망퇴직
KDB생명,12,2017-04-25,2017-09-06,KDB생명 이어 현대라이프도 구조조정 돌입
삼양사,12,2015-03-23,2015-03-30,"[특징주]삼양사, 7거래일째 '강세'..그룹 구조조정 수혜"
동부그룹,12,2013-11-17,2016-05-16,"[특징주]동부그룹, 채권단과 구조조정 합의에 급락"
롯데멤버스,11,2025-11-12,2025-11-13,롯데멤버스 창사 이래 첫 희망퇴직 단행 “경쟁력 강화 위한 전략적 결정”
타다,11,2020-04-08,2023-07-03,"타다, 인력 구조조정 마무리 직원 절반 희망퇴직"
부산은행,11,2016-09-29,2022-01-07,"부산은행, 해운업 구조조정 기업에 500억 지원"
NH농협은행,11,2016-05-17,2025-11-18,"NH농협은행, 조선업 구조조정 지원 110억원 돌파"
대우증권,11,2010-11-12,2016-04-04,"KDB대우증권, 희망퇴직 실시"
삼성디스플레이,11,2017-03-22,2020-11-17,[경제 브리핑] 삼성디스플레이 5년차 이상 희망퇴직 받아
엔씨,10,2024-05-09,2025-02-12,"엔씨, 희망퇴직 접수 완료 500명 이상 신청"
서울반도체,10,2016-02-03,2020-07-30,"[리포트 브리핑]서울반도체, '업계 구조조정의 정점을 지나는 중 ' 목표가 20,000원 - 하이투자증권"
데브시스터즈,10,2023-11-07,2026-05-11,"6분기 연속 적자 빠진 데브시스터즈, 결국 희망퇴직 돌입"
농협은행,10,2016-08-11,2022-11-18,"농협은행, 조선업 구조조정 지원 110억 돌파"
SK컴즈,10,2012-10-15,2013-12-27,"[특징주] SK컴즈, 구조조정 승부수 빛보나 이틀째 상승"
미래에셋생명,10,2014-11-28,2021-03-08,미래에셋생명 에이스생명도 희망퇴직 수순
쌍용건설,10,2012-09-15,2013-06-11,"[STX 쌍용건설 구조조정 대혼란인데] 모피아 금감원, 밥그릇 챙기기 급급"
신한생명,10,2014-08-22,2018-12-14,"신한생명, 희망퇴직 단행 전직원 3%선"
롯데호텔앤리조트,10,2024-11-06,2024-11-07,"롯데호텔앤리조트, 희망퇴직 받는다 ""조직 효율성 제고"""
신세계면세점,9,2024-11-15,2024-11-16,신세계면세점 창사 첫 희망퇴직 임원 급여 20% 반납
동양,9,2012-12-12,2013-10-04,"[기업 구조조정 본격화③] 동양, 또다른 반면교사"
신한금융투자,9,2011-05-24,2014-03-25,"신한금융투자, “조선업종, 업계 선제적 구조조정 노력+정책당국 협조 동반되야"""
대한전선,9,2010-03-11,2013-10-08,대한전선 구조조정 ‘급물살’ 탄다
매일유업,9,2012-04-05,2023-08-08,"[더벨]매일유업, 대규모 인력 구조조정 실시할까"
다올투자증권,9,2022-11-24,2022-11-24,"다올투자증권, 정규직 대상 희망퇴직 임원들 사직서 제출"
웅진씽크빅,9,2012-11-12,2025-06-12,"[단독]웅진씽크빅, 또 구조조정 카드 '만지작'"
롯데,9,2015-02-18,2024-12-22,"롯데, KT렌탈 우선협상대상자로 ""인위적인 구조조정 안해"""
하나금융,9,2010-06-28,2022-02-22,"하나금융, 외환은행노조 설득이 급선무 구조조정 등 과제"
CJ제일제당,9,2011-07-15,2017-02-21,"CJ제일제당, 수익성 개선..'가공식품 구조조정 효과'(상보)"
삼성전자,9,2011-12-21,2026-04-11,"삼성전자, 사업 구조조정 가속화"
하나카드,9,2015-12-29,2023-01-06,"하나카드, 지난해 연말 구조조정 29명 퇴직"
NHN,9,2010-03-24,2025-06-30,"NHN ""한게임 구조조정 사실무근"""
기업은행,9,2010-03-10,2025-08-14,윤용로 기업은행장 “중소기업 구조조정 PEF 만든다”
금호,9,2010-01-02,2010-02-12,"금호, 구조조정 여전히 '시계 제로' 돌파구는 '안개속'"
STX,8,2012-11-13,2018-03-08,"STX, 구조조정 마무리 27일 운명 갈린다"
삼성전기,8,2015-05-14,2016-06-12,"[단독] 삼성전기, 또 인력 구조조정 착수"
한화손보,8,2013-11-06,2024-03-04,"한화손보, 희망퇴직 65명 확정...조직개편"
현대자동차,8,2012-01-26,2026-01-26,"[문답]현대차, ""유럽 브랜드 구조조정은 기회"""
삼성카드,8,2012-11-15,2019-01-28,삼성화재 삼성카드도 희망퇴직 실시
포스코플랜텍,8,2014-09-01,2015-10-26,"포스코플랜텍, 내년 흑자전환 목표..고강도 구조조정"
한국씨티은행,8,2014-05-26,2021-11-11,"한국씨티은행, 희망퇴직 추진..최대 60개월치 급여 제안"
삼성에버랜드,8,2010-10-15,2010-10-15,"삼성에버랜드, 희망퇴직 통해 구조조정"
현대면세점,8,2025-04-01,2025-04-10,"현대면세점, 동대문점 폐점 이어 희망퇴직 실시"
현대로템,8,2016-01-15,2020-01-16,"현대로템, 사무직 2차 희망퇴직 접수"
CJ,8,2011-06-29,2020-03-12,"CJ, 시푸드 접는다 외식사업 구조조정"
KB투자증권,8,2016-11-30,2016-12-06,"KB투자증권, 희망퇴직 52명 확정"
SK넥실리스,8,2024-05-06,2024-05-08,'이차전지 불황' 정읍 SK넥실리스 첫 희망퇴직⋯전북 경제 치명타 우려
파리크라상,8,2023-11-14,2026-02-04,"SPC 파리크라상, 15년차 이상 직원 대상 희망퇴직 실시"
금호아시아나,8,2010-01-03,2011-07-28,"금호아시아나, 구조조정 '순풍' 이제부터 고비"
카카오엔터프라이즈,8,2023-05-14,2025-04-01,"카카오엔터프라이즈, 임직원 200여명 희망퇴직"
G마켓,8,2024-09-27,2024-09-27,"G마켓, 사상 첫 희망퇴직 공고 비용 효율화 작업 돌입"
KT스카이라이프,8,2024-11-26,2024-11-27,"KT스카이라이프, 희망퇴직 실시 ""유료방송 빠르게 변화"""
한화큐셀,7,2015-12-29,2023-11-22,"한화큐셀, 일본 태양광사업 구조조정"
하나투어,7,2017-08-29,2021-03-16,"하나투어, 면세점 사업 철수 대신 구조조정"
삼성정밀화학,7,2011-12-12,2016-02-29,"삼성정밀화학, 고강도 사업재편 그룹 구조조정 일환?"
남양유업,7,2021-06-01,2022-07-21,"남양유업, 20년차 이상 직원 대상 희망퇴직 받는다"
대성산업,7,2013-11-13,2020-03-20,"대성산업, 구조조정 박차"
교보문고,7,2023-03-31,2023-04-27,"교보문고, 첫 희망퇴직에 150여명 신청"
SK이노베이션,7,2015-05-13,2015-05-13,"SK이노베이션, 외환위기 이후 첫 희망퇴직"
KCC,7,2012-07-18,2020-08-25,"KCC, 유리업계 구조조정 여파 벗어나-한국투자證"
포스코엠텍,7,2014-09-07,2016-11-01,"포스코엠텍, 임원 10여명 일괄 사표..강력 구조조정"
롯데물산,7,2026-05-15,2026-05-15,"롯데물산, 창립 이후 첫 희망퇴직 ""신성장 동력 확보 차원"""
한화케미칼,7,2013-03-21,2017-09-18,"한화케미칼, 태양광산업 구조조정 신호탄 '호재' - 한화"
우리카드,7,2021-12-25,2024-01-21,"[단독] 우리카드, '5개월치 삭감' 희망퇴직 실시 현대카드도 접수중"
LS,7,2013-07-16,2017-10-25,"[퀀트분석]LS, 해외법인 구조조정 등 실적 턴어라운드 기대 종합점수 87점"
GS칼텍스,7,2012-06-20,2014-05-23,"GS칼텍스, 임원 15% 구조조정"
IBK기업은행,7,2015-12-23,2020-12-15,"IBK기업은행, 하반기 희망퇴직에 188명 신청"
코카콜라음료,7,2024-12-16,2026-03-04,"코카콜라음료, 첫 희망퇴직 단행...""인력 정체 개선"""
KB국민카드,7,2018-01-12,2025-01-07,"KB국민카드, 7년만에 첫 희망퇴직 실시 분사 이후 처음"
ING생명,6,2014-06-25,2014-08-12,"ING생명, 임단협에 희망퇴직까지 '이중고'"
휠라홀딩스,6,2022-08-16,2024-12-11,"[리포트 브리핑]휠라홀딩스, '미국법인 구조조정은 중장기적으로 긍정적' 목표가 52,000원 - 대신증권"
한국SC은행,6,2014-05-29,2015-11-20,"아제이 칸왈 한국SC은행장 ""한국시장 철수도 인력 구조조정도 없다"""
요기요,6,2024-08-28,2024-08-28,"요기요, 사상 첫 희망퇴직 실시 10월부터 재택근무도 폐지"
보해양조,6,2011-08-22,2018-12-28,"보해양조, ""강도 높은 구조조정 단행한다"""
한화,6,2015-09-08,2023-11-22,"롯데 한화 태광 삼남, 화섬원료 통폐합 등 구조조정 급물살"
모두투어,6,2018-11-26,2021-08-10,"모두투어, 45세 이상 직원 대상 희망퇴직 받아 ""직원과 회사가 윈윈하려고 하는 일"""
이마트에브리데이,6,2024-06-14,2024-06-14,"이마트에브리데이, 이마트 합병 앞두고 첫 희망퇴직"
LG헬로비전,6,2024-11-06,2025-10-02,"LG헬로비전, 창사 이래 첫 희망퇴직"
SK텔레콤,6,2012-11-26,2026-01-15,"SK텔레콤, 자회사 구조조정 시너지 기대 - IBK證"
비에이치,6,2015-10-05,2022-02-03,"[클릭 e종목]비에이치, 구조조정 수혜 본격화 기대"
에이블씨엔씨,6,2015-02-17,2016-04-14,"[퀀트분석] 에이블씨엔씨, 적자 매장 구조조정 완료 ‘종합점수 92점’"
두산건설,6,2010-06-25,2019-04-25,"두산건설, 구조조정 대상에서 제외될 듯"
KB금융,6,2010-10-29,2022-01-11,KB금융 구조조정 여파 순익 883억
휴비츠,5,2014-09-19,2015-02-03,"휴비츠, 구조조정 종료..내년 외형회복 가능-우리"
빗썸,5,2019-01-16,2019-01-19,변화 맞은 빗썸 조직 개편에 희망퇴직까지
RIM,5,2011-07-25,2012-05-30,"RIM, JP모간 등 IB 고용... 대규모 구조조정 예고"
동부,5,2014-08-29,2015-09-24,"동부, 발전소 매각 불발 구조조정 차질"
흥국화재,5,2022-05-09,2022-05-10,"흥국화재, 13일까지 희망퇴직 신청"
첨단금융,5,2015-12-02,2015-12-02,첨단금융의 그늘...은행권 점포 구조조정 고민
넥슨,5,2023-08-12,2025-08-05,"넥슨, 美 자회사 픽셀베리스튜디오 인력감축"
우리아비바생명,5,2014-06-26,2014-07-09,우리아비바생명 '찍퇴' 논란 속 100여명 희망퇴직
동양그룹,5,2010-11-16,2013-09-23,"동양그룹, 오리온 지원 불가로 구조조정 난항"
외환은행,5,2011-08-25,2015-07-06,외환은행 5년 독립경영 합의...인위적인 구조조정 안해
SKB,5,2010-08-13,2025-10-29,"SKB, 통신 구조조정의 수혜주<우리證>"
대우차판매,5,2010-05-03,2011-01-23,"대우차판매, 설 연휴 앞두고 구조조정 잡음"
우리금융,5,2010-06-24,2024-09-18,"우리금융, 한계기업 구조조정과 민영화 이슈가 변수 - 신한금융투자"
SC은행,5,2015-11-20,2024-02-14,"SC은행, 1000여명 희망퇴직 후 신입직원 350명 채용"
한국해운연합,5,2017-11-30,2018-03-07,"한국해운연합, 3차 구조조정 확정 베트남 항로서 2척 철수"
동부화재,5,2013-11-18,2014-08-27,"동부화재, 그룹 구조조정 순항에 '안도'..금융 수직계열화 가속"
한앤컴퍼니,5,2013-11-04,2016-05-25,"한앤컴퍼니, 구조조정 매물마다 `유력 후보`"
제일저축은행,5,2011-09-06,2011-09-07,"[특징주]제일저축은행, 구조조정 대상 우려에 이틀 연속 하한가"
팬택,5,2014-02-25,2017-05-12,"팬택, 전화위복 꿈꾼다 ""추가 구조조정은 없어"""
하이마트,4,2022-12-12,2022-12-14,“임원인사 하루 앞두고” 하이마트 이어 면세점도 희망퇴직 실시
에쓰오일,4,2020-02-20,2023-01-26,"에쓰오일, 올해부터 생산직도 희망퇴직 받는다...노조 요구 수용"
한화그룹,4,2014-12-08,2025-03-18,"한화그룹, 석유화학 M&A 이어 태양광 구조조정"
성동조선,4,2017-06-05,2018-09-03,"성동조선, 구조조정 없이 정상화 시동"
한화-DL,4,2025-12-12,2025-12-12,"한화-DL, 여천NCC 원료공급 계약 체결 여수산단 구조조정 급물살"
한온시스템,4,2025-02-14,2025-07-09,"[리포트 브리핑]한온시스템, '신에게는 아직 한 번의 구조조정이 남아있사옵니다' 목표가 4,000원 - 현대차증권"
일동제약,4,2023-05-23,2023-12-14,"턴어라운드-기술이전 목전...일동제약, 강력 구조조정 통한다"
한화투자증권,4,2013-11-14,2025-05-12,"한화투자증권, 구조조정 마무리 350명 희망퇴직 10% 임금 삭감"
한국타이어,4,2015-07-28,2023-04-27,"[단독] 한국타이어, '크로스펑셔널팀' 신설 등 조직 개편 일각에선 구조조정 우려도"
현대차그룹,4,2015-12-09,2025-03-03,"현대차그룹, 금융사 구조조정 나서나"
하나대투증권,4,2011-04-19,2014-05-07,하나대투증권 145명 희망퇴직 신청
한화증권,4,2013-08-22,2013-12-20,"한화증권, 300명 희망퇴직 확정 직원 20% 구조조정"
동양네트웍스,4,2013-01-09,2014-03-16,"동양네트웍스, IT서비스 사업 매각 등 구조조정 본격화"
롯데그룹,4,2010-09-15,2024-11-25,"롯데그룹, 계열사 구조조정 나선다"
현대중공업그룹,4,2016-05-09,2020-06-23,"현대중공업그룹, 희망퇴직 2000명 확정"
현대일렉트릭,4,2018-08-28,2020-04-28,"현대일렉트릭, 2년 연속 희망퇴직 실시"
티몬,4,2016-07-18,2025-06-16,"티몬, 직원 170명에 희망퇴직 요구 입사 두달 신입사원도 포함돼"
동부제철,4,2014-06-28,2014-09-11,"동부제철, 존속>청산가치..실사 마무리, 구조조정 본격화"
웅진에너지,4,2012-05-02,2013-07-11,"[특징주]웅진에너지, 대기업 구조조정 대상 선정에 급락"
페퍼저축은행,4,2025-01-17,2025-02-13,'첫 희망퇴직' 페퍼저축은행 직원 20% 짐쌌다
현대미포조선,4,2016-06-07,2017-03-24,"현대미포조선, 조선업계 구조조정 수혜 기대감에 52주 신고가"
동양그룹주,4,2012-12-12,2013-04-09,"[오늘의 상한가] 동양그룹주, 구조조정 탄력 기대감에 ‘훨훨’"
휴맥스,4,2011-12-22,2015-08-27,"휴맥스, 셋톱박스 산업 구조조정 수혜-대우"
우투증권,4,2014-05-14,2014-05-15,합병 앞둔 우투증권 직원 10% 구조조정
오리엔탈정공,4,2016-01-27,2022-05-17,"[특징주]오리엔탈정공, 구조조정 개시 소식에 강세"
KTH,4,2013-03-13,2013-03-14,"KTH, 희망퇴직 시행  사업재편 초강수"
KT&G,4,2010-07-02,2013-12-19,"[마켓인사이트] KT&G, 건강사업부문 구조조정"
클리오,4,2019-12-12,2026-04-21,"클리오, 구조조정 효과에 내수 호조로 올해 흑자전환 목표가↑ -IBK"
롯데카드,4,2016-06-14,2021-12-23,"롯데카드, 사상 첫 희망퇴직 실시"
흥국생명,4,2017-05-12,2023-07-18,"흥국생명, 구조조정 역풍(?)"
엠에스오토텍,4,2015-01-09,2015-01-09,"엠에스오토텍, 브라질 법인 구조조정 성과가 변수"
SK증권,4,2013-11-08,2014-05-08,"SK증권, 구조조정 일단락 실적 개선 기대-교보"
LS네트웍스,4,2013-03-21,2016-09-22,"LS네트웍스, 아웃도어 구조조정 ‘멀티숍’ 사업 접는다"
SC제일은행,4,2011-12-13,2022-11-15,"SC제일은행, 희망퇴직 813명 신청"
동부건설,3,2014-08-29,2016-03-29,"동부건설, 워크아웃 신청하나? 구조조정 추진설"
코오롱FnC,3,2025-09-22,2025-09-23,"코오롱FnC, 전사 희망퇴직 단행 패션街 구조조정 신호탄 우려"
롯데호텔,3,2024-11-06,2024-11-06,"롯데호텔, 4년 만에 희망퇴직 실시"
비상교육,3,2013-05-23,2013-05-23,"비상교육, 1Q 적자 지속..'이러닝 구조조정 여파'(상보)"
디오,3,2015-04-21,2024-08-09,"[더벨]디오, 구조조정 효과 영업익 '급증'"
교과부-지경부,3,2011-06-16,2011-06-16,"교과부-지경부, 대학 구조조정 긴밀 협력"
정부-한은,3,2016-04-29,2016-05-04,"정부-한은, 정책수단 포괄적 검토해 구조조정 ‘실탄’ 마련"
조선해양,3,2016-04-29,2018-09-14,"조선해양의 날, 구조조정 여파로 3년 만에 제 날짜 찾아"
태웅,3,2011-03-07,2013-09-09,"태웅, 업황회복과 구조조정 효과-현대"
S&T모티브,3,2014-04-22,2014-08-13,"[SP]S&T모티브, 자회사 구조조정 효과 '톡톡'"
바이오니아,3,2024-08-22,2024-08-22,"바이오니아, 구조조정 통해 탈모 화장품 '코스메르나'에 집중"
동아원,3,2015-04-01,2015-04-01,"동아원, '자산매각' 구조조정 속도낸다"
파인텍,3,2017-10-23,2017-11-15,"파인텍, 사업 구조조정 효과 3Q 영업이익 ‘껑충’"
멜파스,3,2015-08-13,2018-02-07,"멜파스, 구조조정 완료 무선충전칩 등 신제품 중심 실적개선 기대"
진흥기업,3,2011-03-30,2011-03-31,진흥기업 구조조정 이르면 5월 본격화
케이프,3,2015-05-21,2015-05-26,"[SP 주간동향]케이프, 중공업 구조조정 수혜 예상에 이틀 연속 ‘上’"
엑큐리스,3,2011-07-11,2011-07-12,"[특징주]엑큐리스, 환기종목 탈피 위한 구조조정 단행 소식.. 上"
엔에스엔,3,2017-11-07,2017-11-07,"[더벨]엔에스엔, 구조조정 통해 재무구조 개선"
신세계인터내셔날,3,2021-12-14,2021-12-14,"[리포트 브리핑]신세계인터내셔날, '국내 패션 사업부 구조조정 속에 해외 브랜드 사업 호조' 목표가 230,000원 - 대신증권"
해운업계,3,2013-11-11,2016-06-14,"해운업계, 구조조정 바람 분다"
BNK부산은행,3,2016-09-29,2016-09-29,"BNK부산은행, 구조조정 피해기업에 500억 지원"
인터파크,3,2012-09-06,2024-08-08,"[모닝터치R] 인터파크, 자회사 구조조정 통한 재무 개선 지속-한국투자증권"
서울식품공업,3,2026-06-17,2026-06-17,"서울식품공업, 구조조정 마무리 흑자전환 시동"
현대라이프,3,2014-11-06,2015-07-02,"현대라이프, 계열사 변칙 구조조정 논란 “해고용 전출” vs “인력교류”"
여천NCC,3,2025-08-06,2026-03-10,"[중동 사태 파장] 여천NCC, 추가 공장 폐쇄 검토...석화 구조조정 '속도'"
현대카드,3,2018-11-06,2018-11-13,"[기획] 현대카드, 인력감축 검토설 카드업계 ‘인력조정’ 신호탄 될까"
이랜드,3,2016-11-30,2020-11-17,"이랜드, 외식브랜드 구조조정 가속화"
현대그룹,3,2013-12-22,2014-07-17,"현대그룹, 구조조정을 ‘딱’...지배구조 개편이 ‘끝’"
금호산업,3,2010-02-02,2011-07-27,"금호산업, PF사업장 매각 등 본격 구조조정"
삼성그룹,3,2010-11-09,2014-08-11,"[시장인사이드] 삼성그룹, 구조조정 움직임 시작 外"
한화오션,3,2023-06-07,2023-06-08,김동관 부회장 “한화오션 인위적 구조조정 없어”
극동건설,3,2012-12-05,2012-12-05,"극동건설, 전 직원 대상 희망퇴직 실시"
캠코-서울중앙지법,3,2015-07-20,2015-07-20,"캠코-서울중앙지법, 회생절차기업 구조조정 지원 위한 MOU"
HMC투자증권,3,2014-07-10,2014-07-25,"현대차계열 HMC투자증권, 직원 27% 희망퇴직"
IBK투자증권,3,2015-12-23,2025-02-06,"IBK투자증권, 희망퇴직 실시 16~20개월치 위로금 지급"
SK하이닉스시스템IC,3,2024-12-29,2024-12-29,"SK하이닉스시스템IC, 전 직원 희망퇴직 실시 ""업황 둔화 영향"""
자안코스메틱,3,2021-05-31,2021-06-01,"자안코스메틱, '주가 3%↑' 고강도 사업부 구조조정 완료"
한화솔루션,3,2024-06-10,2025-02-21,"한화솔루션, 中태양광 업체 구조조정 가속화로 전망 '밝음'-현대차"
한국금융지주,3,2014-02-25,2024-08-06,"한국금융지주, 업계 구조조정 수혜 기대-NH"
SK플래닛,3,2014-03-14,2026-03-27,"SK플래닛, '2014 희망퇴직 프로그램' 기본급 최대 50배"
신한금투,2,2016-05-31,2021-05-11,"신한금투, '한진중공업' 구조조정 속 생존 경쟁력 확보 중 목표주가↑"
신한지주,2,2010-06-09,2016-05-25,"신한지주, 건설사 구조조정 영향 적고 IFRS 수혜 예상"
롯데손보,2,2019-11-29,2019-12-16,"롯데손보, 역대 최고 조건 희망퇴직 단행 최장 48개월치 보상"
코오롱인더,2,2016-08-10,2021-05-04,"코오롱인더, 타이어코드 증설 공식화..추가 구조조정 일축"
아우디,2,2019-11-27,2025-03-29,"아우디, 구조조정 돌입 ""전기차시대 대비 2029년까지 9500명 감원"""
유니온스틸,2,2012-11-20,2014-10-14,"동국제강-유니온스틸 합병 결정, 부산공장 구조조정 여부 주목"
롯데지주,2,2025-09-30,2026-05-28,"롯데지주, 기업설명회 성료 “저효율 사업 구조조정 가속”"
아디다스,2,2016-01-20,2022-07-18,"아디다스, 새 사령탑에 구조조정 전문가"
시노펙스,2,2016-02-26,2016-05-16,"[더벨]시노펙스, 1Q 흑자전환...지난해 구조조정 효과 반영"
스텔란티스,2,2023-11-14,2024-07-31,"스텔란티스, 실적 부진에 희망퇴직 칼바람"
스탠다드차타드,2,2011-10-06,2015-01-08,"[단독]스탠다드차타드, 한국서 대대적 구조조정 예고"
슈넬생명과학,2,2013-12-05,2013-12-05,"슈넬생명과학, 화성공장 증설 및 구조조정 완료"
쉘라인,2,2011-10-26,2011-10-26,"쉘라인, 스마트폰 부품에 주력 인력 구조조정 완료"
웅진홀딩스,2,2012-10-19,2012-10-20,"김종식 前우리은행 부행장, 웅진홀딩스 구조조정 책임자"
롯데자산개발,2,2020-10-27,2020-10-27,"롯데자산개발, 코로나19 타격 전 직원 대상 희망퇴직 받는다"
아일랜드,2,2010-12-15,2011-04-01,"아일랜드, 200억유로 지원 은행 구조조정 방안 내놔"
코오롱,2,2011-07-18,2011-07-18,"코오롱, 구조조정 효과 본격화..도약 시작<하이투자證>"
OK금융,2,2025-07-30,2025-07-31,"OK금융, 상상인 인수 협상 중단 업계 구조조정 ‘지연’"
아인스M&M,2,2011-09-09,2011-09-15,"아인스M&M, 구조조정 중단 소식에 이틀째 급락"
MB,2,2010-05-07,2010-05-08,"MB, 금융인 초청 간담회서 /“기업 구조조정 관심 가져야”"
MG손보,2,2014-12-10,2014-12-11,"MG손보, 희망퇴직 실시 2년치 급여 위로금 지급"
야권,2,2016-04-21,2016-08-09,"야권, 조선업 구조조정 4자 협의체 구성 촉구"
NH농협금융,2,2016-08-02,2016-10-27,구조조정 부담 해소 NH농협금융 3분기 흑자전환 성공
NH농협금융지주,2,2013-07-19,2016-08-02,"NH농협금융지주, 하반기 적자 점포 대대적인 구조조정"
듀폰,2,2015-02-08,2015-12-30,"듀폰, 다우케미칼 합병 앞두고 대규모 인력 구조조정"
조선주,2,2016-04-25,2016-04-25,"[특징주]조선주, 구조조정 돌입하나...불안감에 동반 하락"
에이스생명,2,2014-11-28,2014-11-28,미래에셋 에이스생명 구조조정 진행
큐브스,2,2015-08-17,2015-11-13,"큐브스, 구조조정 마무리하고 재도약 날개짓"
에르고다음,2,2014-04-10,2014-04-10,"에르고다음, 대규모 희망퇴직 완료 31명 신청"
여야3당,2,2016-07-22,2016-07-22,"여야3당, ‘조선 해운업 구조조정 청문회’ 잠정 합의"
롯데컬처웍스,2,2025-11-28,2025-11-28,"롯데컬처웍스, 희망퇴직 단행 영화산업 부진 속 조직 재편"
시노펙스그린테크,2,2010-11-04,2011-01-03,"시노펙스그린테크, ""계열사 합병과 사업부문의 구조조정 검토"""
신세계,2,2018-02-01,2025-02-06,"[단독]신세계, 아동복 '톰키드' 정리..인력 조직 구조조정 신호탄?(종합)"
쌍용자동차,2,2010-12-14,2011-03-01,쌍용자동차 창원 공장 희망퇴직 30대 숨진 채 발견
신화인터텍,2,2012-03-20,2012-07-20,"신화인터텍, 구조조정 효과로 수익성 대폭 개선"
쿠팡,2,2019-05-13,2026-03-17,"[재계톡톡] 쿠팡, 고명주 각자대표 영입이 구조조정 예고?"
오성엘에스티,2,2013-07-11,2013-07-11,"[오늘의 하한가]오성엘에스티, 구조조정 대상 업체 포함 下"
성장률,2,2012-12-09,2012-12-10,"[김상조의 경제시평]성장률, 구조조정, 그리고 세금"
성동산업,2,2012-07-06,2012-07-06,삼환기업 성동산업 36社 구조조정 대상에
전주페이퍼,2,2015-08-03,2015-08-04,"전주페이퍼, 적자운영에 희망퇴직 실시"
솔로몬저축은행,2,2012-04-26,2012-05-03,"[특징주]솔로몬저축은행, 구조조정 우려에 `下`"
이지바이오,2,2011-05-03,2017-06-19,"""이지바이오 팜스코, 업계 구조조정 최대 수혜주""-IBK"
부산교통공사,2,2017-01-20,2017-06-16,"부산교통공사, 구조조정 추진하다 일자리 정규직화 유턴"
부산상의,2,2016-09-21,2021-01-25,"부산상의, 구조조정 퇴직자 돕는 특별지원센터 개소"
세진중공업,2,2016-09-06,2016-09-06,"[특징주]세진중공업, 조선업 구조조정 수혜 기대 7%↑"
전남노사민정협,2,2016-06-01,2016-06-01,"전남노사민정협, 조선산업 구조조정 해결책 논의"
이화산업,2,2013-07-11,2013-07-11,"이화산업, 구조조정 대상분류 조회공시 요구받아"
백산,2,2021-06-02,2021-06-09,"[리포트 브리핑]백산, '본업 회복과 자회사 구조조정 효과로 실적 턴어라운드 기대' Not Rated - 한화투자증권"
워싱턴포스트,2,2012-02-09,2026-02-08,"워싱턴포스트, 광고침체로 또 희망퇴직 공고"
제일건설,2,2010-06-29,2010-07-11,"제일건설, 윤여웅 대표 사재 출연 등 구조조정 순조"
사조그룹,2,2012-10-08,2016-02-25,"사조그룹, 골프장사업 구조조정"
제약,2,2012-07-09,2012-07-09,"제약, 구조조정 시작 <하이투자證>"
바른미래,2,2018-07-05,2018-08-08,"바른미래, 사무처 구조조정 계획 두고 '진통'"
박대통령,2,2016-06-13,2016-06-29,"박대통령, 국민경제자문회의 주재 
 “추경 구조조정 실업대책에 초점을”"
삼보컴퓨터,2,2012-07-17,2012-07-18,"삼보컴퓨터, 인력 40% 구조조정"
삼성중,2,2015-08-16,2016-06-16,"삼성중, 전임원 사표 1500여 명 희망퇴직"
반값등록금,2,2011-07-11,2011-07-12,"[기고]반값등록금, 대학 구조조정이 답이 아니다"
배터리업계,2,2019-03-07,2025-05-13,"배터리업계, 중국 구조조정에 미소"
삼일PwC,2,2013-02-08,2025-08-28,"[더벨]삼일PwC, 대규모 구조조정 계획 최소 100명"
삼환기업,2,2012-07-09,2012-07-09,"[특징주]삼환기업, 구조조정 대상 우려에 하한가"
삼화저축은행,2,2011-01-14,2011-01-15,삼화저축은행 영업정지 부실은행 구조조정 본격화
제일모직,2,2013-05-06,2013-05-07,"제일모직, 패션부문 구조조정"
라온저축은행,2,2025-07-16,2025-07-23,"라온저축은행, KBI국인산업에 매각 ""시장 자율 구조조정 첫 사례"""
중진공,2,2016-09-01,2020-09-18,"중진공, 中企 '회생컨설팅' 구조조정 지원"
미래에셋,2,2010-12-08,2011-07-04,"미래에셋, SK브로드밴드 그룹내 구조조정 하반기 호재"
KEB하나은행,2,2015-12-23,2019-01-17,"KEB하나은행, 희망퇴직 210명 신청 최대 36개월치 특별퇴직금"
미스토홀딩스,2,2025-08-18,2025-10-20,"[리포트 브리핑]미스토홀딩스, '미국 법인 구조조정 영향으로 무난한 실적 전망' 목표가 52,000원 - 대신증권"
월가,2,2012-05-01,2016-10-30,"월가, 금융위기 맞먹는 구조조정 폭풍 온다"
LCC,2,2020-02-10,2022-01-21,"LCC, 고용유지지원금 중단에 무급 휴직 및 구조조정 나서나"
KT테크,2,2012-08-13,2012-08-13,"KT테크, 전 직원 대상 희망퇴직 실시"
KTB투자증권,2,2013-10-07,2013-10-07,"KTB투자증권, 대규모 구조조정 실시 리테일 줄이고 IB 키운다"
모린스,2,2013-10-10,2013-10-11,"[특징주]모린스, 구조조정 소식에 연일 하락세"
지놈앤컴퍼니,2,2023-11-22,2023-11-22,"지놈앤컴퍼니, 구조조정 추진 임직원 최대 30% 감축"
LG하우시스,2,2010-04-22,2010-04-22,"LG하우시스, 구조조정에 따른 이익개선-NH證"
장흥,2,2010-05-19,2010-05-19,"장흥, 어선감척 구조조정 완료"
LG그룹,2,2012-05-04,2025-03-09,"LG그룹, 비주력 계열사 7곳 구조조정"
울프스피드,2,2025-05-14,2025-09-09,"울프스피드, 법원 회생계획안 승인 “수주 내 구조조정 마무리”"
일진디스플레이,2,2021-12-28,2021-12-28,"일진디스플레이, 터치스크린사업부 구조조정 시행 베트남 생산 확대"
철강업종,2,2016-10-04,2016-12-28,"철강업종, 中 구조조정 지속으로 가격 상승 긍정적"
철강금속,2,2017-01-20,2017-03-22,"철강금속, 구조조정 인플레이션 그러나 Next 모멘텀의 부재 - 하나"
채권은행들,2,2010-06-25,2016-01-25,"채권은행들, 구조조정 명단 발표 왜 안 했나?"
채권은행단,2,2010-06-25,2010-06-25,"채권은행단, 구조조정 대상 65개사 발표"
르노삼성자동차,2,2012-09-10,2014-04-26,"[뉴스 플러스] 르노삼성자동차, 희망퇴직 신청 마감"
새마을금고중앙회,2,2015-05-06,2016-07-05,"새마을금고중앙회, 무리한 구조조정 도마에"
저축은행주,2,2011-02-17,2012-05-04,"저축은행주, 3차 구조조정 앞두고 하한가 vs 상승세 '묘한 대비'"
재정부,2,2010-07-22,2013-01-14,"재정부, 대대적 세출 구조조정 착수"
서울아산병원,2,2024-04-08,2024-04-08,"서울아산병원, '빅5' 중 첫 희망퇴직 추진...의사는 제외"
LG이노텍,2,2012-08-08,2019-11-21,"LG이노텍, 사업 구조조정 속도낸다"
두산그룹주,2,2016-01-15,2020-09-07,"두산그룹주, 구조조정 차질 루머로 52주 최저가 '우루루'"
CJ그룹,2,2020-06-21,2025-03-30,"[단독]CJ그룹, 이르면 3분기 CGV 등 인력 구조조정 추진"
대우증권직원들,2,2015-12-01,2015-12-01,"대우증권직원들, 구조조정에 대비중"
STX팬오션,2,2011-05-16,2012-09-24,"STX팬오션, 구조조정 마무리..벌크 운임 상승세"
SKT,2,2010-11-10,2018-06-27,"SKT, SK브로드밴드 또 구조조정 '합병 포석'"
SK그룹,2,2024-07-11,2025-01-12,"SK그룹, 미래 경쟁력 확보 위한 계열사 구조조정 어려워도 '뚜벅뚜벅'"
STX그룹,2,2012-12-15,2013-05-03,"STX그룹, 조선 제외 모두 매각 추진 고강도 구조조정"
JT정밀,2,2010-02-22,2010-02-22,"JT정밀, 구조조정 두고 본격 노사 갈등"
통신업계,2,2010-06-21,2024-11-28,"통신업계, 하반기 성장동력(?)은 구조조정"
SPP조선,2,2016-07-05,2016-07-05,"SPP조선, 직원 180명 희망퇴직 접수"
대학생들,2,2015-04-03,2016-04-02,"대학생들, 구조조정 중단 일자리 해결 등 총선 10대 요구안 제시"
현대에이치씨엔,2,2014-01-14,2019-11-18,"현대에이치씨엔, 케이블 산업 구조조정 이슈에 따라 주가 변동성 커질 전망"
다음,2,2013-12-03,2013-12-03,"다음, SK컴즈 구조조정에 따른 반사이익 예상[KB證]"
대한유화,2,2025-08-25,2025-08-26,"[리포트 브리핑]대한유화, '강도 높은 글로벌 구조조정과 4년 만의 흑전' 목표가 150,000원 - 하나증권"
필립스,2,2010-07-10,2011-10-17,"필립스, 수익성 위기..4500명 감원 등 구조조정"
경제계,2,2018-08-22,2018-08-23,"경제계, 국회에 ‘기촉법 재입법’ 건의 “워크아웃이 中企 구조조정에 가장 효과적”"
휠라코리아,2,2017-09-06,2020-01-13,"[오늘의 종목]휠라코리아, 구조조정 성공...목표가 8%상향"
태광산업,2,2025-07-14,2025-09-30,"태광산업, 섬유 화섬 인력 구조조정 착수 희망퇴직 실시"
KBI국인산업,2,2025-07-23,2025-07-23,"KBI국인산업, 라온저축은행 주식 취득 저축은행 구조조정 신호탄"
현대엘리베이터,2,2013-09-24,2016-04-21,"[노사문화대상] 현대엘리베이터, 25년간 노사분규 제로  구조조정도 안 해"
SDN,2,2011-12-08,2012-03-12,"SDN, 태양광 구조조정이 기회 '최대실적'-하이"
포스코에너지,2,2016-06-01,2016-06-01,"포스코에너지 ""연료전지사업부 인력 구조조정 중"""
광주은행,2,2013-09-10,2015-07-07,"""광주은행 인위적 구조조정 없다"""
현대모비스,2,2020-11-16,2025-12-09,"[단독] 현대모비스, 최대 600명 구조조정"
대학가,2,2011-10-18,2014-03-29,"대학가, 인력감축 학과 통폐합 학내 구조조정 '몸살'"
SH,2,2013-03-28,2013-03-29,"SH, 고강도 구조조정 착수"
효성,2,2017-06-12,2018-01-17,"효성, 4Q17 실적 부진은 원가상승 및 구조조정 비용 반영"
포스코퓨처엠,2,2024-08-25,2025-02-25,"포스코퓨처엠, 피앤오케미칼 지분 전량 매각 그룹 구조조정 속도"
해마로푸드서비스,2,2020-08-11,2020-10-22,"[리포트 브리핑]해마로푸드서비스, '2021 년부터 구조조정 효과 나타날 것' Not Rated - SK증권"
티메프,2,2024-08-09,2024-08-30,"티메프, 자율 구조조정 불발 법원, 곧 회생 개시 판단"
한국닛산,2,2019-09-30,2019-10-01,"한국닛산, 철수설 부인 “판매망 구조조정 협의 중”"
나노캠텍,2,2018-03-02,2018-03-02,"나노캠텍, 지난해 구조조정 완료 올해 턴어라운드 원년"
황해경제자유구역,2,2011-12-09,2011-12-26,"황해경제자유구역, 사업 구조조정 후 업체들 '눈독'"
GS,2,2012-06-14,2015-05-13,"GS, 에너지 사업 구조조정 ‘가속도’"
EDGC,2,2023-05-08,2026-03-23,"EDGC, 판관비 구조조정 성공 ""올해는 자산매각해 재도약 기반 마련"""
컴투스,2,2013-12-05,2024-01-17,"[fn 화제주] 컴투스, 구조조정 진통에 큰 폭 하락"
한진그룹,2,2019-11-20,2020-02-07,"한진그룹, ‘고강도 구조조정 예고’... 아시아나 매각발 ‘후폭풍’"
금호석유화학,2,2012-12-13,2026-01-12,"금호석유화학, 3년간 구조조정 마침내 '졸업'"
SK,2,2013-06-19,2025-01-12,"SK, 성장형 구조조정에 박차 가한다"
카리스국보,2,2019-09-30,2019-09-30,"카리스국보, 자회사 구조조정 단행...""물류 사업 고도화"""
가온미디어,2,2019-08-01,2019-08-01,"[리포트 브리핑]가온미디어, '셋톱박스 구조조정 상황에 주목, 이익 증가 추세 불가피할 전망' 목표가 15,000원 - 하나금융투자"
MBK,2,2017-01-23,2019-05-22,"MBK, 롯데카드 고강도 구조조정 불가피"
게임업계,2,2012-12-06,2024-02-13,"게임업계, 구조조정 도미노...불안감 가중"
한국투자증권,2,2017-03-24,2017-03-27,조선업 구조조정 일본 사례 참고해야 [한국투자증권]
하나금융투자-대륙아주,2,2016-03-28,2016-03-28,"하나금융투자-대륙아주, 골프장 한계기업 구조조정 협력"
동부대우전자,2,2015-10-08,2015-10-08,"동부대우전자, 임원 줄이기 나서 간부급 희망퇴직도 실시"
AJ네트웍스,2,2022-05-25,2023-02-06,"AJ네트웍스, 구조조정 마무리 수순.. 렌탈 사업 확대 박차"
BC카드,2,2011-12-20,2016-12-28,"BC카드, 10년 만에 희망퇴직"
네오리진,2,2023-03-16,2023-03-16,"네오리진, 적자 보안사업 '물적분할'로 구조조정 추진"
동양생명,2,2017-10-17,2019-02-12,"동양생명, 희망퇴직 실시...신청자 10여명 그쳐"
BGF리테일,2,2025-11-10,2026-01-08,"[리포트 브리핑]BGF리테일, '26년은 소비 회복과 업계 구조조정 효과 기대해 볼만' 목표가 150,000원 - 대신증권"
팔고,2,2015-08-18,2015-08-18,"팔고, 자르고  구조조정 칼바람"
패션업계,2,2017-01-16,2017-11-22,"패션업계, 선택과 집중 비효율 브랜드 구조조정"
금융사,2,2010-06-25,2019-03-13,"금융사, 구조조정 65개 협력업체 적극지원"
군산해경,2,2013-08-21,2013-08-21,"군산해경, 항포구 민간인 대행신고소 구조조정"
워너뮤직,1,2024-02-08,2024-02-08,"워너뮤직, 구조조정 대열 합류 직원 10% 해고"
울산-전남,1,2017-05-12,2017-05-12,"울산-전남, 구조조정 여파로 1분기 생산-소비 부진"
홍준표,1,2014-12-23,2014-12-23,"홍준표, 경남FC 구조조정 후 계속 운영하기로"
효성첨단소재,1,2021-08-05,2021-08-05,"[단독]효성첨단소재, 경주 이어 울산 공장서도 구조조정 실시"
휘라포토닉스,1,2014-08-20,2014-08-20,"휘라포토닉스, 구조조정 효과로 2Q 흑자전환 성공"
휠라,1,2024-11-05,2024-11-05,"휠라, 북미사업 대폭 축소 수년째 손실에 구조조정"
울산-경남,1,2016-07-27,2016-07-27,"울산-경남, 조선업 구조조정 찬바람에 2분기만 2만3000명 일자리 잃어"
홈캐스트,1,2025-06-19,2025-06-19,"홈캐스트, 씨에스에이코스믹 지분 전량 매각 계열사 구조조정"
월드건설,1,2011-02-10,2011-02-10,‘월드건설 법정관리’로 본 건설업계 구조조정 2년 /워크아웃 졸업이냐 퇴출이냐 여전히 가시밭길
현중그룹,1,2016-05-23,2016-05-23,"현중그룹, 사무직 희망퇴직 신청자 1,000명 넘어 
5개 계열사 사무직의 10% 승진 거부 노조 설립 움직임"
화이자,1,2010-05-19,2010-05-19,"화이자, 대규모 구조조정 공장 8곳 폐쇄 6000명 감원"
이커머스,1,2025-09-04,2025-09-04,"이커머스, '노란봉투법'에 골머리 선제적 구조조정 나설까"
한국금융,1,2015-02-27,2015-02-27,[여의도에서] 한국금융과 구조조정
이엠엘에스아이,1,2010-05-23,2010-05-23,"이엠엘에스아이, 구조조정 완료 ‘제2 도약’"
일본우편,1,2011-02-13,2011-02-13,"일본우편, 실적악화에 2000명 인력감축"
인터플렉스,1,2010-02-17,2010-02-17,"인터플렉스, 구조조정 성과로 수익성 개선-LIG투자證"
한국다케다제약,1,2020-06-12,2020-06-12,"한국다케다제약, 희망퇴직 실시 ""셀트리온에 매각한 사업 정리"""
인터파크커머스,1,2024-10-23,2024-10-23,"인터파크커머스, 자율 구조조정 한 달 연장"
한국선급,1,2016-09-29,2016-09-29,"한국선급, 구조조정 조선업계 재취업 지원"
인천도시공사,1,2015-01-26,2015-01-26,"인천도시공사, 회사운영 전면개편 구조조정 TF팀 구성"
한국씨티,1,2012-09-18,2012-09-18,"한국씨티, 불황에 구조조정 단행"
하이닉스반도체,1,2012-03-12,2012-03-12,"하이닉스반도체, 엘피다의 구조조정에 따른 반사 수혜 예상"
하이원리조트,1,2012-06-27,2012-06-27,"하이원리조트, 희망퇴직 시행안 의결"
인천도시개발공사,1,2010-11-01,2010-11-01,"[인천 경기 서울]인천도시개발공사, PF사업 구조조정 금년내 확정"
인천교통공사,1,2012-04-09,2012-04-09,"[인천] 인천교통공사, 강도 높은 구조조정 필요"
한계기업,1,2013-10-07,2013-10-07,"한계기업, 동양 사태 이후 구조조정 M&A로 이어질 개연성 커져"
하이트-진로그룹,1,2010-11-18,2010-11-18,"하이트-진로그룹, 구조조정 칼바람 분다"
자동차업계,1,2020-05-31,2020-05-31,"자동차업계, 글로벌 구조조정 본격화 유럽서만 수만명 추산"
잉크테크,1,2017-11-20,2017-11-20,"잉크테크, 대규모 구조조정 단행"
잇츠한불,1,2019-07-26,2019-07-26,"잇츠한불, `30세 이상` 희망퇴직 로드숍 구조조정 신호탄"
임금피크제,1,2016-02-11,2016-02-11,"임금피크제, 희망퇴직의 다른말?"
학계,1,2016-05-31,2016-05-31,"학계, 구조조정 도덕적 해이 우려 ""대통령 직접 나서야"""
화인베스틸,1,2015-08-03,2015-08-03,"[간추린 뉴스] 화인베스틸, 대우조선 구조조정 힘 보탠다"
일본제철,1,2020-02-09,2020-02-09,"일본제철, 작년 4400억엔 손실 고로 폐쇄 등 구조조정 초강수"
흥아해운,1,2016-09-02,2016-09-02,"[특징주] 흥아해운, 해운업 구조조정 반사이익 기대 '나흘째 강세'"
웅진,1,2013-10-03,2013-10-03,"웅진, 7개월만에 구조조정 매듭"
흥아해운-장금상선,1,2018-03-28,2018-03-28,"흥아해운-장금상선, 컨테이너 정기선 부문 통합 국적선사 구조조정 강도↑"
울산중소기업,1,2020-07-23,2020-07-23,"울산중소기업, 코로나發 인력감축 시동"
울산신용보증재단,1,2016-07-04,2016-07-04,"울산신용보증재단, 조선업 구조조정 지원 특례보증 시행"
CJ바이오사이언스,1,2024-06-14,2024-06-14,"[단독]CJ바이오사이언스, 英서 인수 9개 신약물질 구조조정 불가피"
자치단체,1,2016-04-26,2016-04-26,"자치단체, 조선 구조조정 대책 막막"
영국은행,1,2011-04-11,2011-04-11,"영국 은행권, 구조조정 칼날 피하나"
여행사,1,2020-11-16,2020-11-16,"여행사, 고용유지지원금까지 끊겨 결국 구조조정 나서나"
IT업계,1,2024-10-16,2024-10-16,"IT업계, 구조조정 불안 지속 ""직원 월급까지 못 줘"""
여당,1,2014-09-15,2014-09-15,"여당, 공기업 자회사 구조조정 추진"
K-게임,1,2024-01-03,2024-01-03,"K-게임, 글로벌 구조조정 속 웨스턴 ‘정조준’"
K-철강,1,2026-01-27,2026-01-27,"K-철강, 전기요금 원가 부담에 구조조정 효과 미미"
KB,1,2010-09-20,2010-09-20,"KB, 추석연휴 뒤 희망퇴직 본격 논의"
와이비로드,1,2010-06-21,2010-06-21,"와이비로드, 구조조정 효과...실적개선 탄력"
와이디온라인,1,2011-12-20,2011-12-20,"와이디온라인, 강도 높은 구조조정 돌입 직원 25% 감축"
온미디어,1,2010-11-08,2010-11-08,"온미디어, 구조조정 활발..내년 더 기대-신영"
오펠,1,2012-05-07,2012-05-07,"오펠, 생산기지 구조조정 전망"
오퍼스PE,1,2020-04-01,2020-04-01,"[마켓인사이트]오퍼스PE, 구조조정 전문가 나종선氏 대표로 영입"
오스템임플란트,1,2018-12-16,2018-12-16,"오스템임플란트, 해외법인 구조조정 효과에 강세"
한국-중국,1,2015-11-02,2015-11-02,"한국-중국, 철강 조선업 구조조정 본격화...제조업 위기 돌파구 마련"
HD현대케미칼,1,2025-11-26,2025-11-26,"HD현대케미칼, 롯데케미칼과 사업재편 심사 신청..석화 구조조정 1호 확정"
오리온,1,2017-09-07,2017-09-07,"오리온, 사드 여파에 중국 현지법인 인력 20% 구조조정"
IAG,1,2012-11-10,2012-11-10,"IAG, 스페인 이베리아항공 구조조정"
IMF총재,1,2010-06-03,2010-06-03,"IMF총재, 90년대말 한국 구조조정 과정 실수 인정"
외환캐피탈,1,2013-10-17,2013-10-17,"외환캐피탈, NPL전환 후 구조조정 검토"
한화손해보험,1,2013-11-06,2013-11-06,"한화손해보험, 10년 이상 근속직원 희망퇴직 시행"
외국계IT기업,1,2018-01-18,2018-01-18,"외국계IT기업, 일방적 구조조정 `칼바람`"
왓챠,1,2022-07-27,2022-07-27,"왓챠, 희망퇴직 등 긴축 돌입 얼어붙은 스타트업 투자 시장"
와이즈파워,1,2013-03-19,2013-03-19,"와이즈파워, 대규모 연봉삭감 등 고강도 구조조정 돌입"
우투,1,2014-05-28,2014-05-28,"우투, 희망퇴직 412명 확정"
우크라이나,1,2024-07-23,2024-07-23,"우크라이나, 디폴트 피했다...사상 첫 전시 구조조정"
우정바이오,1,2019-08-14,2019-08-14,"우정바이오, 2분기 영업익 9억 “사업 구조조정 효과로 흑자전환”"
우이신설선,1,2022-05-29,2022-05-29,"우이신설선, 인력감축 무산에 ""비용 부담"" 소송 법원 ""보전 필요 없어"""
GS그룹,1,2013-08-27,2013-08-27,"GS그룹, DKT 대청소 끝 3년만에 구조조정 성과"
HD현대오일뱅크,1,2025-10-27,2025-10-27,"HD현대오일뱅크, 석화 구조조정 속 자산 매각 대산서 결실 언제쯤"
웅진코웨이,1,2019-10-14,2019-10-14,"웅진코웨이, 넷마블에 인수되면 공격적인 구조조정 우려 제한적-IBK"
화장품업체,1,2018-11-18,2018-11-18,"화장품업체, 3분기 줄줄이 '실적쇼크' 매장 축소 등 구조조정 잇따라"
웅진케미칼,1,2012-12-04,2012-12-04,"웅진케미칼, 텍스타일 사업 구조조정 `주력사업 강화`"
현대오일뱅크,1,2013-08-13,2013-08-13,"[단독]현대오일뱅크, 첫 희망퇴직 실시 정유사 '구조조정' 신호탄"
현대자원개발,1,2015-02-13,2015-02-13,"현대자원개발, 현대종합상사로 이관...현대중공업 첫 법인 구조조정"
유암코-기업은행,1,2016-12-13,2016-12-13,"유암코-기업은행, 1000억 내외 2차 구조조정 펀드 조성"
현대중그룹,1,2016-05-22,2016-05-22,"현대중그룹, 희망퇴직 1,000명 넘어...다음주부터 생산직도 시행"
유로화,1,2013-03-26,2013-03-26,"유로화, 유로존 은행 구조조정 발언에 '하락'"
유로존,1,2010-11-17,2010-11-17,"유로존, 아일랜드 은행 구조조정 협의"
유니드,1,2026-01-27,2026-01-27,"[리포트 브리핑]유니드, '2026년 실적 개선 + 중국 구조조정 + 전고체 전해질 투자' 목표가 115,000원 - KB증권"
유나이티드항공,1,2010-07-28,2010-07-28,"유나이티드항공, 경영진 구조조정"
유나이티드테크놀로지스,1,2015-12-11,2015-12-11,"유나이티드테크놀로지스, 3년간 15억달러 규모 구조조정"
CJ헬로비전,1,2016-07-05,2016-07-05,"CJ헬로비전, 공정위 결정에 ""유감 자율 구조조정 막아"""
KB국민,1,2019-01-11,2019-01-11,"KB국민, ‘임피’ 직원 대상 희망퇴직"
예선사업,1,2010-07-06,2010-07-06,"예선사업, 구조조정 통한 사업수지 개선"
KB라이프생명,1,2025-08-24,2025-08-24,"[단독]KB라이프생명, 희망퇴직 접수 은행 손보 카드 이어 “조직 슬림화”"
KB지주,1,2015-06-05,2015-06-05,"KB지주, 희망퇴직 효과 기대"
은행연,1,2010-08-23,2010-08-23,"은행연, 구조조정 기업명단 공개 검토"
은행업종,1,2012-05-08,2012-05-08,"은행업종, 3차 저축은행 구조조정 영향 제한적 [삼성증권]"
은행업,1,2015-12-28,2015-12-28,"은행업, 상시적 구조조정 체제 전환 비용절감 효과-동부"
KB투자,1,2016-06-28,2016-06-28,"KB투자, 메리츠화재 점포통폐합과 희망퇴직 성공시 수익성 개선에 기여할 것"
은성수,1,2017-09-15,2017-09-15,"은성수, ""일자리 최대 유지하는 구조조정 하겠다""(종합)"
CJ푸드빌,1,2020-10-20,2020-10-20,"CJ푸드빌, 지원부서 대상 희망퇴직 실시"
유통가,1,2020-04-10,2020-04-10,"유통가, '코로나19'로 구조조정 칼바람 ""신입사원도 예외없다"""
ING,1,2014-11-25,2014-11-25,"ING, 3년내 총 1700명 구조조정 계획"
유테크,1,2017-07-12,2017-07-12,"유테크, 첨단 반도체 장비업체로 변신 중 고강도 구조조정 효과 본격화"
유진투자증권,1,2015-04-14,2015-04-14,지주사 구조조정 시대 맞아 비중확대 필요 [유진투자증권]
유일호-이주열,1,2016-05-02,2016-05-02,"유일호-이주열, 독일서 구조조정 재원조달 합의할까(종합)"
IT,1,2012-03-19,2012-03-19,"IT, 日 업체 구조조정 올해도 지속..`비중확대`-HMC"
위노바,1,2015-08-13,2015-08-13,"위노바, 2분기 구조조정 효과..실적 큰폭 개선"
주식매수청구권,1,2014-04-09,2014-04-09,"주식매수청구권, 기업 구조조정 '태풍의 눈' 부상"
통합산은,1,2013-08-28,2013-08-28,"통합산은, 구조조정 대신 신규채용 반으로 축소""(종합)"
주류업계,1,2021-12-03,2021-12-03,"주류업계, '오미크론' 악재에 휘청...또 희망퇴직 받는 오비맥주"
종합판단,1,2016-05-13,2016-05-13,"[한은통방] 종합판단, 기업 구조조정 진행 상황 삽입"
티브로드,1,2017-04-28,2017-04-28,"티브로드, 희망퇴직 추진 노조 ""부당 퇴직강요"""
타타스틸,1,2013-04-29,2013-04-29,"인도 타타스틸, 영국내 연구시설 2곳 폐쇄 구조조정"
쥴랩스코리아,1,2020-01-16,2020-01-16,"[단독] 쥴랩스코리아, 구조조정 돌입 무차별 규제에 '백기'"
태양광,1,2012-04-18,2012-04-18,"태양광, 상위업체 구조조정 본격화"
중형조선사,1,2019-11-24,2019-11-24,"중형조선사, 불황 터널에 M&A 시장서도 찬밥...""과감한 구조조정 나서야"""
태양광산업,1,2013-03-21,2013-03-21,<생생 코스닥>중국 태양광산업 구조조정 반사이익 기대 태양광株 동반 강세
태양광주,1,2012-05-02,2012-05-02,"태양광주, 中경쟁사 구조조정 소식에 `덩실`"
중앙대생,1,2010-04-08,2010-04-08,"중앙대생, 구조조정 반대 ‘벼랑끝 시위’"
중앙건설,1,2010-09-13,2010-09-13,"'워크아웃' 제일건설-중앙건설, 본격 구조조정"
중소조선,1,2016-06-08,2016-06-08,"[정부 구조조정 추진] 중소조선, 추가지원 없이 ‘독자생존’ 나선다"
중기중앙회-금감원,1,2014-04-08,2014-04-08,"중기중앙회-금감원, 구조조정 추진 中企 지원방안 마련"
한국씨티금융,1,2012-09-19,2012-09-19,"한국씨티금융, 자회사 구조조정 실시"
중기단체협의회,1,2015-10-28,2015-10-28,"중기단체협의회, 정부의 한계기업 구조조정 ‘우려’"
텔루스,1,2017-08-16,2017-08-16,"텔루스, 상반기 당기순이익 흑자전환 성공 ""자회사 구조조정 박차"""
채권시장,1,2016-01-03,2016-01-03,"채권시장, 매수세 1월 효과 기대 해운업 구조조정 변수"
창의자문,1,2012-10-15,2012-10-15,"창의자문, 대신운용에 피인수 운용업계 구조조정 신호탄 되나"
참엔지니어링,1,2013-06-13,2013-06-13,"참엔지니어링, 구조조정 마무리..2Q 실적 대폭 개선-한양"
크레딧스위스,1,2011-07-28,2011-07-28,"크레딧스위스, 2Q 순익 감소... 2000명 인력감축"
지역중기,1,2016-12-02,2016-12-02,"지역중기, 구조조정 대상 ‘0’"
지역건설사,1,2012-07-09,2012-07-09,"지역건설사, 구조조정 시름 덜까"
클락슨,1,2017-04-11,2017-04-11,"클락슨, 조선업황 전망 하향 대우조선 구조조정 암초"
클래스101,1,2023-02-21,2023-02-21,"[단독] 클래스101, 구독 모델 사업 부진으로 대규모 구조조정 돌입"
클루넷,1,2011-07-10,2011-07-10,"[네오스타즈] 클루넷, 구조조정 마무리 하반기 흑자전환 기대감"
증권주,1,2014-07-02,2014-07-02,"증권주, 구조조정 효과 본격화? 기대감에 '환호성'"
추경,1,2016-07-22,2016-07-22,"추경, 구조조정 일자리 지원..11조원 규모로 2년 연속 10조원대 편성"
체불임금,1,2016-09-25,2016-09-25,"체불임금, 올해 사상최대치 전망 경기침체 조선업 구조조정 영향"
타임오프제,1,2010-05-03,2010-05-03,"[사설] 타임오프제, 노동계 구조조정 계기로"
태영건설,1,2024-01-11,2024-01-11,"태영건설, 진통 끝에 워크아웃 개시...PF 매각 등 고강도 구조조정 예고"
컨트롤타워도,1,2016-04-30,2016-04-30,"[조선 구조조정 본격화]컨트롤타워도, 실업대책도 없이 ""인력만 줄여라?"""
컨트롤타워,1,2016-06-08,2016-06-08,"[정부 구조조정 추진] 컨트롤타워, 차관협의체서 관계장관회의로 격상"
컴투버스,1,2023-09-21,2023-09-21,"컴투버스, 구조조정 돌입...""매출 성장 쉽지 않아"""
코스모화학,1,2016-09-30,2016-09-30,"코스모화학, 인천 떠나 울산시 온산공단 이전 위한 구조조정 실시"
케이엘티,1,2015-05-14,2015-05-14,"케이엘티, 구조조정 통해 1Q 영업익 3억원 '흑전'(상보)"
코스모앤컴퍼니,1,2013-01-18,2013-01-18,"코스모앤컴퍼니, 사업 구조조정 ‘박차’"
코스모그룹,1,2013-01-18,2013-01-18,"코스모그룹, 구조조정 '박차'..자산매각 조직슬림화"
코스맥스엔비티,1,2023-01-26,2023-01-26,"[리포트 브리핑]코스맥스엔비티, '상반기까지 구조조정 영향 불가피' 목표가 5,300원 - 상상인증권"
코스닥,1,2013-04-22,2013-04-22,"코스닥, 합병 분할 구조조정 효과 '글쎄'"
케이프투자증권,1,2022-11-02,2022-11-02,"케이프투자증권, 법인 리서치본부 폐쇄 ""사실상 본격적 구조조정 돌입"""
우방,1,2014-11-12,2014-11-12,"우방, 구조조정 후유증 ‘아직도 진행형’"
축은행,1,2011-03-10,2011-03-10,저축은행 구조조정 특별계정 4월 가동
춘래불사춘,1,2015-04-30,2015-04-30,"춘래불사춘, 정유사들 실적잊고 구조조정 채비"
카드사,1,2021-03-11,2021-03-11,"카드사, 연초부터 희망퇴직 잇달아 단행"
코로나19,1,2020-03-02,2020-03-02,"[톺아보기]코로나19, 업계 구조조정 가속화하나"
주택건설,1,2010-04-26,2010-04-26,[사설] 구조조정 시급한 주택건설업계
코람코에너지리츠,1,2021-05-24,2021-05-24,"코람코에너지리츠, 적극적인 구조조정에 합격점-삼성"
크레디트스위스,1,2012-11-26,2012-11-26,"크레디트스위스, 英 투자은행 사업부 100명 구조조정"
카페베네,1,2013-03-21,2013-03-21,"카페베네, 인력 구조조정 단행"
캠코-대전지법,1,2017-06-06,2017-06-06,"캠코-대전지법, 기업 구조조정 지원 협약"
파나텍,1,2024-08-18,2024-08-18,"파나텍, 부채 부담과 구조조정 실패로 파산신청 커세어와 인수 협의 자신"
파라다이스,1,2022-02-18,2022-02-18,"파라다이스, 실적보다 1분기 구조조정 중요-메리츠"
파라다이스시티,1,2020-07-14,2020-07-14,"파라다이스시티, 코로나19에 전 직원 대상 희망퇴직 실시"
코웰패션,1,2022-12-22,2022-12-22,"[종목이슈] 코웰패션, 구조조정 칼바람...주가는 고점 대비 '반토막'"
팬오션,1,2013-06-07,2013-06-07,"STX팬오션 법정관리 신청 ""계열사 구조조정 계획대로"""
코웨이,1,2013-02-18,2013-02-18,"[리포트]코웨이, 사업 구조조정 효과 중장기 성장 긍정적-IBK투자증권"
토니모리,1,2019-05-23,2019-05-23,"[특징주]토니모리, 중국 법인 통폐합 매장 구조조정 소식에 15% 급락"
토박스코리아,1,2026-03-13,2026-03-13,"토박스코리아, 지난해 매출 397억...고강도 구조조정 추진"
톰슨로이터,1,2016-11-02,2016-11-02,"톰슨로이터, 구조조정 착수 직원 2000명 줄인다"
중국당국,1,2024-03-11,2024-03-11,"중국당국, 건설사 파산 등 구조조정에 속도 낸다"
줄도산,1,2013-08-21,2013-08-21,"[현장취재] 줄도산, 구조조정 늪 벗어나...부활하는 '대양 조선'"
카카오VX,1,2023-09-05,2023-09-05,"카카오VX, 부진 사업부문 위주 희망퇴직 단행"
조선업종,1,2013-07-08,2013-07-08,"[특징주]조선업종, 中 조선업계 구조조정 돌입에 강세"
조선산업,1,2019-03-20,2019-03-20,"[포럼] 조선산업, 구조조정 波高 넘는 방법"
조선노연,1,2016-05-12,2016-05-12,"조선노연, 인력 구조조정 공동대응 19일 국회방문"
페르노리카코리아,1,2016-05-29,2016-05-29,"페르노리카코리아, 임원 무더기 희망퇴직 권고"
조선노련,1,2016-05-19,2016-05-19,"조선노련, 구조조정 중단 정부 정책 전환 요구"
조선3사,1,2016-06-08,2016-06-08,"[기업 구조조정 종합대책] 조선3사, 독 23% 인력 30% 감축.. 10조3000억 자금 확충"
평산,1,2010-12-30,2010-12-30,"평산, 강도높은 구조조정 '순차입금 3천억대↓'"
평화당,1,2019-08-29,2019-08-29,"평화당, 당직자 상대로 희망퇴직 재요구 ""3개월치 월급 주겠다"""
제주농업기술원,1,2013-03-19,2013-03-19,"제주농업기술원, 혼 밀식된 감귤원 구조조정 한다"
포럼오래,1,2014-11-27,2014-11-27,"포럼오래, 대한민국 산업 구조조정 6대전략 발표"
제주관광공사,1,2015-04-20,2015-04-20,"제주관광공사, 웰컴센터 구조조정 예산낭비 '물의'"
포스코건설,1,2016-09-30,2016-09-30,"포스코건설, 하반기 대규모 구조조정"
한나라,1,2011-05-24,2011-05-24,"한나라, 반값 등록금ㆍ대학 구조조정 병행추진"
한라,1,2015-12-24,2015-12-24,"한라, 사업 구조조정 등 재무구조 개선 박차"
한라홀딩스,1,2019-05-16,2019-05-16,"한라홀딩스, 유통ㆍ물류 부문 구조조정 진행 중 ‘목표가↓’-NH투자증권"
철강산업,1,2016-03-09,2016-03-09,"철강산업, 중국 실질 구조조정 시 가격 상승 수혜-키움"
이스타,1,2020-10-14,2020-10-14,"이스타, 대규모 구조조정 현실로"
이베이,1,2012-10-30,2012-10-30,"이베이, 페이팔 325명 구조조정 계획 발표"
한전산업,1,2014-11-12,2014-11-12,"한전산업, 자회사 구조조정 마무리..실적 개선 기대-신한"
이마트24,1,2025-12-09,2025-12-09,"이마트24, 창사 이래 첫 희망퇴직 단행...부장급 이상 대상 ‘커리어 리뉴얼’ 지원"
한국일보,1,2014-01-15,2014-01-15,"한국일보, 구조조정 신호탄?"
이랜드리테일,1,2025-05-28,2025-05-28,"이랜드리테일, 비상경영에 인력 전환배치 ""인력 구조조정 안한다"""
한국자산신탁,1,2025-02-11,2025-02-11,"[리포트 브리핑]한국자산신탁, '4Q review: 신탁업계 구조조정은 기회' 목표가 3,600원 - 삼성증권"
한국전력공사,1,2014-06-27,2014-06-27,"한국전력공사, 노사 구조조정 때 '사전 합의 → 사전 협의'로 바뀐 까닭"
이데미쓰코산,1,2015-07-31,2015-07-31,"이데미쓰코산, 쇼와쉘석유 인수 로열더치쉘 구조조정"
은행주,1,2016-03-10,2016-03-10,"은행주, 기업 구조조정 확대 우려에도 영향은 제한적"
인천경실련,1,2013-07-02,2013-07-02,"인천경실련, “인천시장 공약 구조조정 필요해”"
인천UTD,1,2024-12-03,2024-12-03,"인천UTD, 감독 및 선수단 구조조정 시동 내년 1군 복귀 집중"
인원감축,1,2015-03-06,2015-03-06,"인원감축, 연봉삭감 '애널리스트' 매서운 구조조정 바람"
한국해양조선,1,2019-06-02,2019-06-02,"[사설] 한국해양조선, 성공적 구조조정의 출발이길"
이통업계,1,2012-07-23,2012-07-23,"이통업계, 부가서비스 구조조정 나섰다"
한신평,1,2017-03-29,2017-03-29,"[레이더M] 한신평, 대우조선해양 구조조정 추진방안에 따른 금융기관 손실부담 점검"
타타대우상용차,1,2020-10-05,2020-10-05,"타타대우상용차, 군산공장 100여명 희망퇴직"
프라임사업,1,2016-03-30,2016-03-30,"프라임사업, 구조조정 학과 반발에도 대학측은 강행 왜?"
핀다,1,2026-05-19,2026-05-19,"핀다, 창사 첫 희망퇴직 실시 저축은행 인수 앞두고 조직 재정비"
저출산,1,2016-10-02,2016-10-02,"[별별시선]저출산, 대학 구조조정, 지방 소멸"
저축은행중앙회,1,2011-08-19,2011-08-19,"저축은행중앙회, 구조조정 대비 유동성 1.5조 확충"
재팬디스플레이,1,2025-07-28,2025-07-28,"재팬디스플레이, 설비 매각 애플 공급 중단 日정부 구조조정, 결국 실패로"
재정개혁,1,2015-05-13,2015-05-13,"[사설] 재정개혁, 공공부문 구조조정과 함께 해야"
하나생명,1,2013-10-22,2013-10-22,"하나생명, 희망퇴직 신청 50명 완료"
재규어랜드로버,1,2018-12-17,2018-12-17,"재규어랜드로버, 새해 5000명 감원 3.5조 구조조정 일환"
하나에프앤아이,1,2022-02-22,2022-02-22,"하나에프앤아이, 기업 구조조정 투자 개시"
포에버21,1,2019-10-17,2019-10-17,"포에버21, 파산신청 후 1170명 대규모 감원 등 구조조정 착수"
폭스바겐그룹,1,2026-06-19,2026-06-19,"폭스바겐그룹, 재도약 미래 계획 발표...대규모 구조조정도 병행"
폭염,1,2016-08-31,2016-08-31,"폭염, 개소세 인하 종료, 구조조정 여파로 경제 지표 먹구름"
전북은행,1,2012-03-26,2012-03-26,"전북은행, 청경 구조조정 시작?"
폼팩터,1,2010-06-17,2010-06-17,"폼팩터, 또 직원 감축 2년간 5번째 구조조정"
팹리스,1,2012-05-08,2012-05-08,"[DT 시론] 팹리스, 과감한 구조조정 나서라"
정유업계,1,2014-07-11,2014-07-11,"정유업계, 구조조정 진행 하반기 내실경영 강화"
제2금융권,1,2018-09-12,2018-09-12,"[금융사 M&A 지각변동] 제2금융권, 내 외부 악재에 구조조정 우려까지"
포스코홀딩스,1,2025-04-25,2025-04-25,"포스코홀딩스, 구조조정 40% 완료 1.1조 더 판다"
제네시스,1,2023-01-06,2023-01-06,"제네시스, 2차 구조조정 진행에 파산보호 신청도 검토"
포스코켐텍,1,2014-06-12,2014-06-12,"포스코켐텍, 그룹 구조조정의 핵심-한화證"
제이티,1,2020-01-13,2020-01-13,"제이티, 구조조정 효과에 신규 사업 실적 성장 ‘매수’ -IBK투자"
포스코대우,1,2018-04-25,2018-04-25,"포스코대우, 구조조정 효과 마진개선 지속 '목표가↑'-미래에셋대우"
전문계고,1,2010-05-12,2010-05-12,"전문계고, 691개 → 400개로 구조조정"
포스코그룹,1,2016-07-20,2016-07-20,"포스코그룹, 구조조정 회오리"
전교조,1,2026-06-24,2026-06-24,"전교조, 교육부 ‘학교 구조조정 계획’ 폐기 촉구"
전국국공립대학교수연합회,1,2011-08-19,2011-08-19,"전국국공립대학교수연합회, 제주대서 국립대 구조조정 논의"
푸에르토리코전력청,1,2015-06-02,2015-06-02,"푸에르토리코전력청, 채권단에 구조조정 계획 제출"
전남개발공사,1,2013-07-18,2013-07-18,"전남개발공사, 남악 골프장 매각 등 사업 구조조정 추진"
푸르덴셜증권,1,2010-07-14,2010-07-14,"[단독]푸르덴셜증권, 구조조정 '칼바람' 조짐 50년대 출생자 명퇴"
푸르덴셜생명,1,2020-12-14,2020-12-14,"푸르덴셜생명, 희망퇴직 단행 대면영업 악화 조치"
푸르덴셜,1,2020-12-13,2020-12-13,"푸르덴셜, 고참급 직원 희망퇴직 받는다"
제일기획,1,2016-11-14,2016-11-14,"제일기획, 구조조정 소식에 또다시 ‘술렁’"
농협증권,1,2014-05-12,2014-05-12,"농협증권, 우투증권에 이어 희망퇴직 실시"
남광토건,1,2010-06-15,2010-06-15,"[특징주]남광토건, 구조조정 후 기대감 반영?..↑"
남북경협중단,1,2010-07-01,2010-07-01,"남북경협중단,대기업 구조조정 등에 따른 피해 중소기업"
남유럽국,1,2011-07-19,2011-07-19,"남유럽국, 부채 구조조정 불가피할 것"" - 中 이콘"
네오위즈,1,2014-07-22,2014-07-22,"네오위즈, 웹보드 실적 하락 못 이기고 또 인력감축"
네오위즈게임즈,1,2012-12-05,2012-12-05,"네오위즈게임즈, 희망퇴직 실시"
기업구조조정촉진법,1,2015-11-25,2015-11-25,"기업구조조정촉진법, 국회 문턱 못넘으면 자동폐기.. 좀비기업 구조조정 혼란 우려"
기업들,1,2015-08-24,2015-08-24,"기업들, 하반기 구조조정 먹구름 몰려온다"
기업신용위험,1,2022-02-15,2022-02-15,"기업신용위험, 수시평가 강화  선제적 구조조정 유도"
LF,1,2016-06-03,2016-06-03,"LF, 소비부진 속 수익성 악화 브랜드 구조조정 주력-이베스트"
기업회생,1,2023-12-20,2023-12-20,"기업회생, 은행 대신 구조조정 전문가 중재"
나이키,1,2023-12-24,2023-12-24,"나이키, 매출 부진 우려에 ‘칼바람’ 경쟁력 강화 목표 구조조정 단행"
금호석유,1,2012-12-13,2012-12-13,"금호석유, 은행 품에서 벗어났다 3년만에 구조조정 성공"
금호석화,1,2025-12-26,2025-12-26,"금호석화, 구조조정 칼바람 속 ‘LNG 집중’ 활로 찾았다"
금호아시아나그룹,1,2010-01-06,2010-01-06,"금호아시아나그룹, 고강도 구조조정 착수 임원 20% 감축 사무직 1개월 무급 휴직"
금호전기,1,2013-01-07,2013-01-07,"금호전기, 구조조정 마무리..실적 턴어라운드 가속화-하이"
기계업종,1,2017-01-29,2017-01-29,"기계업종, 오랜 구조조정 끝 '실적 바닥 찍을 것'"
기아,1,2019-06-13,2019-06-13,"기아차, 구조조정 '中 1공장' 합작사에 장기 임대"
대학구조개력위,1,2011-07-05,2011-07-05,"대학구조개력위, 대학 구조조정 기본원칙 ・ 핵심과제 선정 착수"
대학구조개혁위,1,2011-08-10,2011-08-10,"대학구조개혁위, 구조조정 대학 선정 10대 평가지표 확정"
기업인수합병,1,2011-01-20,2011-01-20,"[2011 전문변호사를 만나다] 기업인수합병, 구조조정 분야 안식 전문 변호사"
금감원-중기부,1,2017-11-03,2017-11-03,"금감원-중기부, 구조조정 및 재기 절차 이전보다 '원활해질 것'"
금융감독자문위,1,2016-04-20,2016-04-20,"금융감독자문위, ""가계부채 관리 기업 구조조정에 금감원 적극 나서야"""
금융위-중기부,1,2018-03-13,2018-03-13,"금융위-중기부, 구조조정 된서리 지역에 '긴급 자금 수혈'"
교수단체,1,2015-12-14,2015-12-14,"교수단체, '대학구조개혁법' 폐기해야 ""인력 구조조정 부추겨"""
교육,1,2014-12-22,2014-12-22,"[2015 경제정책 방향-구조개혁] 교육, 이공계 중심 구조조정 대학 지원금 4배 더 준다"
교통공사,1,2022-12-02,2022-12-02,"교통공사, 지하철파업 하루 만에 인력감축 철회 시민 고통만 주고 후퇴 왜?"
국가R&D,1,2024-01-09,2024-01-09,"국가R&D, 상대평가와 하위 구조조정 전환  연구계 술렁"
국내철강산업,1,2016-09-29,2016-09-29,"국내철강산업, 후판 강관류 구조조정 시급"
국도화학,1,2023-06-26,2023-06-26,"[리포트 브리핑]국도화학, '경쟁사의 구조조정과 인도 내 설비 확장' 목표가 70,000원 - 하나증권"
국민카드,1,2018-01-16,2018-01-16,"국민카드, 분사 뒤 첫 희망퇴직 45세 이상 신청 받아"
노사민정협,1,2018-04-10,2018-04-10,"노사민정협, 현대중공업 대규모 인력감축 자제 촉구"
관세,1,2025-10-20,2025-10-20,"[투자 핫플레이스] 관세, 희망퇴직 비용 불구 영업익 6,394억 선방 'LG전자'"
광주광역시교육청,1,2024-10-02,2024-10-02,"광주광역시교육청, 고강도 지출 구조조정 나선다"
광주상생카드,1,2022-05-25,2022-05-25,'효자'광주상생카드  尹정부 칼질에 구조조정 불가피
광주시교육청,1,2024-10-02,2024-10-02,"광주시교육청, 교육재정 지출 구조조정 실시"
교과-지경부,1,2011-06-16,2011-06-16,"교과-지경부, 부실대학 재정지원 제외ㆍ대학 구조조정 협력 합의"
넷마블,1,2022-08-11,2022-08-11,"[컨콜] 넷마블 ""인건비 관리 차원 인력 충원 제한, 구조조정은 아냐"""
노란봉투법,1,2025-08-24,2025-08-24,"노란봉투법, 노조 손해배상 책임 면제... 구조조정도 쟁의 대상"
노랑풍선,1,2021-05-03,2021-05-03,"노랑풍선, 구조조정 완료 백신도입에 주가 회복 - SK증권"
노무라,1,2018-01-15,2018-01-15,"노무라, 유럽 'Mifid II' 여파에 리서치 사업 구조조정 예고"
노바티스,1,2014-04-22,2014-04-22,"노바티스, 글로벌 제약업계 대형 구조조정 신호탄 쐈다"
국정기획자문위,1,2017-05-31,2017-05-31,"국정기획자문위, ""산은, 구조조정 미진한 부분있어"""
두산인프라,1,2015-12-18,2015-12-18,"[뉴스&팩트]두산인프라, '금수저' '22세 사원' 희망퇴직 진실은..."
동부증권,1,2015-10-13,2015-10-13,"동부증권 ""두산인프라코어, 구조조정 비용 발생으로 분기 실적 악화"""
동아원그룹,1,2015-04-01,2015-04-01,"동아원그룹, 운산빌딩 매각..사업 구조조정 박차"
독신자라면,1,2024-03-22,2024-03-22,"독신자라면, 종신보험 구조조정 1순위 독거노인 세입자 받기 꺼려, 내집 마련을"
동강시스타,1,2015-08-03,2015-08-03,"[영월]동강시스타, 용역 직원도 구조조정"
동부-채권단,1,2014-04-07,2014-04-07,"동부-채권단, 구조조정 속도에 온도차 이유는?"
동부CNI,1,2015-02-23,2015-02-23,"[특징주]동부CNI, 구조조정 속도내며 '강세'"
동부그룹주,1,2013-11-18,2013-11-18,"[Hot-Line] 동부그룹주, 구조조정 기대로 동반 상한가"
더블유아이,1,2019-04-15,2019-04-15,"[공시+]더블유아이, 한국피엠지제약 보유지분 매각 ""사업 구조조정 위해"""
델코리아,1,2014-01-14,2014-01-14,"델코리아, IT솔루션 회사 변신 본격화 ""韓지역 구조조정은 없다"""
대한건설협회,1,2010-06-22,2010-06-22,"대한건설협회, ""건설업계 구조조정 선별적으로"" 건의"
도개공,1,2011-05-23,2011-05-23,"도개공, 구조조정 시급하다"
도레이케미칼,1,2015-03-18,2015-03-18,"[종목이슈] 도레이케미칼, 구조조정 끝 ""좋아질 일만 남았다"""
도이치운용,1,2012-11-13,2012-11-13,"[더벨]도이치운용, 리테일부문 구조조정"
도이치증권,1,2019-07-23,2019-07-23,"도이치증권, 국내 주식시장 철수 글로벌 구조조정 일환"
POSCO홀딩스,1,2025-07-04,2025-07-04,"""POSCO홀딩스, 에너지소재 부문 구조조정 성과 가시화돼야 재평가 가능"""
S-OIL,1,2020-05-06,2020-05-06,"S-OIL, 창사 이래 사상 첫 희망퇴직 계획"
S-Oil,1,2021-10-29,2021-10-29,"[리포트 브리핑]S-Oil, '컨센 상회. 4Q21 증익 전망. 중국 구조조정의 수혜' 목표가 140,000원 - 하나금융투자"
SAP코리아,1,2024-04-16,2024-04-16,"SAP코리아, 희망퇴직 실시 AI 클라우드로 사업 개편 영향"
SBS미디어넷,1,2025-11-24,2025-11-24,"SBS미디어넷, 희망퇴직 미신청자 회의실 집단배치 계획 철회"
SC그룹,1,2011-02-07,2011-02-07,"SC그룹, SC제일은행에 구조조정 요구"
델타,1,2010-09-02,2010-09-02,"델타, 저가항공 콤에어 구조조정"
대한조선,1,2022-05-20,2022-05-20,"대한조선, KHI그룹 품으로 중소형 조선사 구조조정 마무리"
대형조선사,1,2016-06-12,2016-06-12,"대형조선사, 인력감축 구조조정에 노사간 대립 격화될 듯"
대우일렉,1,2010-02-01,2010-02-01,"대우일렉, 구조조정 효과 거뒀다"
대우자판,1,2010-05-03,2010-05-03,"대우자판, 고강도 구조조정 단행...""워크아웃, 순조롭게 진행"""
대우조선해양건설,1,2016-07-20,2016-07-20,"구조조정 대상 대우조선해양건설, 하도급대금 미지급 등 ‘갑질’ 행위 적발 공정위, ‘경고’ 처분"
대원제약,1,2024-02-21,2024-02-21,"""대원제약, 호흡기 제품 10% 안팎 성장 기대 자회사 구조조정 관건"""
대구염색산단,1,2021-08-23,2021-08-23,"대구염색산단, 타업종 입주 등 구조조정 추진 탄력"
대림산업,1,2010-06-15,2010-06-15,"대림산업, 건설업 구조조정 저평가 해소 계기 될 것"
대림자동차,1,2017-05-29,2017-05-29,"""대림자동차, 희망퇴직 거부자에 부당하게 발령"""
대법,1,2018-06-26,2018-06-26,"대법, SKT 희망퇴직 거부 노동자에 경험 없는 부서 발령은 부당"
두산밥캣,1,2021-12-07,2021-12-07,"두산밥캣, 두산 구조조정 마무리 기대감에 ‘강세’"
대상,1,2012-02-16,2012-02-16,"대상, 2011년 구조조정 결실 맺었다-교보證"
대선주자여,1,2017-02-08,2017-02-08,"[김정호 칼럼] 대선주자여, 구조조정 현장 가지 마시라"
다국적제약사,1,2012-10-12,2012-10-12,"다국적제약사, 다시부는 구조조정 칼바람"
다우케미칼,1,2012-10-25,2012-10-25,"다우케미칼, 구조조정 실시"
다원시스,1,2026-01-12,2026-01-12,"[단독]다원시스, 용인경전철 인력감축 추진 승객 안전 밀릴라"
당정협의,1,2017-08-18,2017-08-18,"당정협의, 내년 예산 강도높은 지출 구조조정 예고(속보)"
대구디지털산업진흥원,1,2022-07-13,2022-07-13,"대구디지털산업진흥원, 구조조정 대상서 제외"
대구시교육청,1,2020-09-08,2020-09-08,"대구시교육청, 미래역량교육 위해 학교사업 대폭 구조조정"
동양매직,1,2013-06-18,2013-06-18,"동양매직, 교원 품으로 구조조정 숨통"
동양메이저,1,2010-11-15,2010-11-15,"동양메이저, 비핵심자산 매각 등 구조조정 나서"
대산물산,1,2015-04-01,2015-04-01,"대산물산, 논현동 운산빌딩 392억에 매각 동아원, 사업 구조조정 가속화"
현대ENG,1,2025-12-10,2025-12-10,"현대ENG, 희망퇴직 시행설에 ""경쟁력 제고 위한 방안 확정은 아냐"""
현대그룹주,1,2013-12-23,2013-12-23,"[Hot-Line] 현대그룹주, 대규모 구조조정 발표로 동반 급등"
항공주,1,2019-12-09,2019-12-09,"항공주, 지배구조 및 구조조정 이벤트 주목 ‘비중확대’-한국투자"
해성옵틱스,1,2021-09-09,2021-09-09,"해성옵틱스, 구조조정 및 유상증자 결정 ""액츄에이터 사업 집중"""
해수부,1,2017-09-05,2017-09-05,"해수부, 희망퇴직 포항항 항운노조 42명 생계안정지원 74억 지급"
해수부장관,1,2015-12-03,2015-12-03,"해수부장관, 선사 대표들과 비공개 간담회 자발적 구조조정 당부"
핸디소프트,1,2020-01-21,2020-01-21,"핸디소프트, 네트워크 사업 종료로 구조조정 ‘막바지’"
행자부,1,2015-03-02,2015-03-02,"행자부, 조례 8만개 구조조정 한다"
한화손해사정,1,2015-01-28,2015-01-28,"한화손해사정, 100명 희망퇴직 실시"
그랜드호텔,1,2019-09-06,2019-09-06,"폐업 앞둔 해운대 그랜드호텔, 희망퇴직 접수에 노조 반발"
STX엔진,1,2013-08-23,2013-08-23,"STX엔진, 정상화 방안 타결 그룹 구조조정 탄력붙을 듯"
TBS,1,2024-01-17,2024-01-17,"TBS, 새해부터 또 희망퇴직 추가 구조조정 가능성까지"
TG삼보컴퓨터,1,2012-07-17,2012-07-17,"TG삼보컴퓨터, 인력 40% 구조조정"
VM웨어,1,2013-01-29,2013-01-29,"VM웨어, 구조조정 돌입 연내 900여명 직원 해고"
SK파워텍,1,2024-12-03,2024-12-03,"SK파워텍, 희망퇴직 시행 키파운드리 합병 가능성 주목"
SK하이닉스,1,2012-07-05,2012-07-05,"SK하이닉스, 구조조정의 최대 수혜자 [KB투자]"
SK해운,1,2026-07-02,2026-07-02,"SK해운, 알짜 '가스선' 구조조정 통했다"
SOC,1,2017-10-20,2017-10-20,"SOC, 지출 구조조정 이어 예비타당성 조사 문턱도 높아졌다"
SPC파리크라상,1,2023-11-14,2023-11-14,"SPC파리크라상, 희망퇴직 실시 인건비 원재료값 부담↑"
SK시그넷,1,2025-04-10,2025-04-10,"SK시그넷, 첫 희망퇴직 단행... 전기차 캐즘에 품질문제 겹쳐"
한화이글스,1,2019-02-15,2019-02-15,"[데스크칼럼] 한화이글스, 세대교체와 구조조정 사이 "
DGFEZ,1,2010-12-28,2010-12-28,"[사설] DGFEZ, 구조조정 ‘선방’했다지만"
DJ,1,2010-08-30,2010-08-30,"[고용난민 시대, 일자리 없나요?]DJ, 구조조정 ‘해고 태풍’ 盧, 비정규직 갈등 본격화"
DL이앤씨,1,2022-02-22,2022-02-22,"[단독] DL이앤씨, 희망퇴직 신청하라더니 무더기 반려...직원들 ""낙인 찍힐라"" 멘붕"
DS네트웍스,1,2023-04-03,2023-04-03,"DS네트웍스, 신사업 접고 구조조정 돌입 [시그널]"
EADS,1,2013-12-10,2013-12-10,"EADS, 5800명 구조조정"
ECB,1,2011-05-03,2011-05-03,"ECB, 유로존 국가에 다년도 재정 구조조정 촉구"
EU재무장관,1,2019-06-14,2019-06-14,"EU재무장관, 유로존 국채 구조조정 방안 논의"
G20정상,1,2012-06-18,2012-06-18,"G20정상, 유로존 강력한 구조조정 촉구"
GC녹십자,1,2023-11-09,2023-11-09,"GC녹십자, 희망퇴직 실시 “조직 10% 감축”"
GM회장,1,2018-02-08,2018-02-08,"GM회장, 한국지엠 구조조정 가능성 비춰"
DB메탈,1,2025-02-10,2025-02-10,"DB메탈, 구조조정 이어 해외법인 직원철수"
3H,1,2011-03-09,2011-03-09,"3H, 구조조정 완료..신규사업 추진"
AB인베브,1,2016-08-26,2016-08-26,"AB인베브, 사브밀러 인수하며 인력 구조조정 돌입"
AIG손보,1,2015-12-14,2015-12-14,"[단독]AIG손보, 대규모 구조조정 본격화...차세대시스템 도입으로 불가피"
C&그룹,1,2010-10-27,2010-10-27,"C&그룹, 구조조정 직전 금감원에 자금지원 요청"
CJ대한통운,1,2022-08-10,2022-08-10,"CJ대한통운, 구조조정 효과 결실 하반기도 고수익 기대-신영"
현대산업,1,2011-05-06,2011-05-06,"현대산업, 중견 건설사 구조조정은 기회..`매수↑`-대신"
현대상선-한진해운,1,2015-11-09,2015-11-09,"현대상선-한진해운, 정부 구조조정 추진 소식에 급락"
현대선물,1,2012-09-24,2012-09-24,"[단독] 현대선물, 구조조정 나선다...감원 추진"
현대스틸파이프,1,2025-12-24,2025-12-24,"현대스틸파이프, 희망퇴직 단행 현대제철 美 제철소 재원 마련"
현대엘리,1,2016-04-21,2016-04-21,"[특징주]현대엘리, 현대상선 구조조정 기대감에 강세"
힐러비,1,2023-06-06,2023-06-06,"[뉴스핌 라씨로] 힐러비, 법인 설립 2년 만에 구조조정...DNA 사업팀 희망퇴직"
강스템바이오텍,1,2025-01-24,2025-01-24,"강스템바이오텍, 지난해 손익 55% 개선 ""라이선스 아웃 및 자회사 구조조정 효과"""
강원FC,1,2014-11-27,2014-11-27,"강원FC, 대대적 구조조정"
강원도개발공사,1,2011-12-27,2011-12-27,"강원도개발공사, 구조조정 '내홍'"
강원발전연구원,1,2010-11-30,2010-11-30,"강원발전연구원, 조직쇄신 위한 구조조정 본격화"
개미투자자,1,2010-03-08,2010-03-08,"개미투자자, 금호 구조조정 새변수 부상"
건설사,1,2010-07-09,2010-07-09,"건설사, 구조조정 후 분양 줄줄이 미뤄"
건설엔지니어링,1,2013-08-28,2013-08-28,"건설엔지니어링, 구조조정 심각"
WB,1,2023-06-29,2023-06-29,"WB, 스리랑카에 7억달러 지원...부채 구조조정 위해 5일간 공휴일 돌입"
WP,1,2012-02-09,2012-02-09,"WP, 광고침체로 또 구조조정"
YG엔터,1,2020-02-26,2020-02-26,"YG엔터, 구조조정 효과가 코로나 타격 상쇄 목표가↑-NH"
SK에너지,1,2010-05-25,2010-05-25,"SK에너지 노사, '사업분할시 구조조정 없다' 합의"
간접고용,1,2017-07-03,2017-07-03,"간접고용, 작년보다 소폭 줄었지만 고용 개선 아닌 조선업 구조조정 탓"
감독당국,1,2013-07-15,2013-07-15,"감독당국, 증권업 규제 풀고 구조조정 속도낸다"
강개공,1,2010-04-09,2010-04-09,"강개공, 고강도 구조조정"
금융위원장,1,2016-06-23,2016-06-23,"금융위원장, ""산은 없으면 구조조정 못해...국책은행 유지해야"""
금융주,1,2014-09-25,2014-09-25,"금융주, 동부제철 구조조정 추가 충당금 3분기 적립 예상[대신證]"
금융회사,1,2018-07-22,2018-07-22,"금융회사, 기촉법 일몰 임시방편 마련 中企 구조조정 혼란 예상"
금호건설,1,2010-01-05,2010-01-05,"금호건설, 구조조정 한파 속으로..."
금호그룹,1,2010-01-26,2010-01-26,"금호그룹, ""대우건설 F1 제안, 자칫 잘못하면 구조조정 지연시켜"""
금호기업,1,2016-05-05,2016-05-05,"금호기업, 금호터미널에 흡수합병..""선제적 구조조정 일환"""
국책금융기관,1,2014-01-05,2014-01-05,"국책금융기관, 기업 구조조정 충돌"
가계부채,1,2016-11-02,2016-11-02,"[사설]가계부채, 구조조정 같은 미봉책으론 안된다"
SK종합화학,1,2012-02-06,2012-02-06,"SK종합화학, 자회사 구조조정 왜?"
SK커뮤니케이션즈,1,2013-12-02,2013-12-02,"[fn 화제주] SK커뮤니케이션즈, 싸이월드 분사 등 구조조정 소식 급등"
SK키파운드리,1,2024-05-13,2024-05-13,"SK키파운드리, 창사 이래 첫 희망퇴직"
SKIET,1,2026-03-15,2026-03-15,"SKIET, SK온 이어 희망퇴직 받는다"
SK​ㆍKTB증권,1,2013-11-08,2013-11-08,중소형 증권사 구조조정 가속화 SK​ㆍKTB증권 등
SK가스,1,2025-08-29,2025-08-29,"[리포트 브리핑]SK가스, '2025~27년 이익 Level Up. 석유화학 구조조정도 수혜' 목표가 320,000원 - KB증권"
SK스퀘어,1,2024-06-20,2024-06-20,SK스퀘어 박성하 대표 경질 수순 중간지주사 구조조정 돌입
고령화,1,2018-06-24,2018-06-24,"[사설] 고령화, 구조조정에 맞벌이 가구 4년만에 감소세"
고용대란,1,2016-09-18,2016-09-18,"[추석 이후 한국경제]고용대란, 주력산업으로 구조조정 확대 바람 앞의 등불 신세"
고용부진,1,2019-02-14,2019-02-14,"[사설] 고용부진, 산업 구조조정과 규제혁파로 돌파해야"
경력단절,1,2021-07-22,2021-07-22,"경력단절, 명예퇴직, 구조조정을 극복한 사람들"
골든브릿지자산운용,1,2014-04-01,2014-04-01,"골든브릿지자산운용, 기업 구조조정 자문업 키운다"
골든블루,1,2024-08-23,2024-08-23,"골든블루, 창사 21년만에 희망퇴직 단행"
공영홈쇼핑,1,2019-12-12,2019-12-12,"공영홈쇼핑, 이달 중 희망퇴직 실시 ""규모 등 미정"""
경기개발연구원,1,2010-11-01,2010-11-01,"경기개발연구원, 경기소방 구조조정 필요"
경기대생들,1,2014-03-25,2014-03-25,"경기대생들, 총장실 점거농성 ""학과 구조조정 반대"""
경기침체,1,2010-06-14,2010-06-14,"경기침체, 구조조정 속 “건설사 채용만은 계속된다”"
경남기업,1,2013-12-01,2013-12-01,"경남기업, 임원 30% 감축 등 대대적인 구조조정 나서"
경남도교육청,1,2013-06-25,2013-06-25,"경남도교육청, 방만 중복사업 구조조정"
경남에너지,1,2015-09-21,2015-09-21,"경남에너지, 직원 10% 희망퇴직 급여 30% 자진삭감"
경남은행,1,2016-07-01,2016-07-01,"부산 경남은행, 구조조정 조선사 협력업체 소상공인에 특례보증 대출"
고용시장,1,2016-08-10,2016-08-10,"고용시장, 구조조정 직격탄 제조업 취업자 4년만에 줄고 울산ㆍ경남 실업률 급등"
상조업계,1,2019-04-25,2019-04-25,"상조업계, 구조조정 칼바람 업체수 100곳 아래로"
새마을금고연합회장,1,2010-03-15,2010-03-15,"새마을금고연합회장, 금고 지속적으로 구조조정"
새정부,1,2017-05-15,2017-05-15,"새정부, 조선 등 산업 구조조정 컨트롤타워 만든다"
샌드박스,1,2024-03-25,2024-03-25,"[쫌아는기자들] 샌드박스, 구조조정 1년 만에 분기 흑자전환... “초인 창업자가 아니라도 괜찮아”"
서연탑메탈,1,2019-02-22,2019-02-22,"서연탑메탈, 중국 자회사 정리 “적자사업 구조조정 차원”"
서울교통공사,1,2021-06-08,2021-06-08,"서울교통공사, '코로나19 여파'에 1500명 감축 구조조정 공식화"
LCD업계,1,2012-04-02,2012-04-02,"LCD업계, 대형OLED 맞이 구조조정 들어가나?"
DGB대구은행-신용보증재단,1,2016-09-09,2016-09-09,"DGB대구은행-신용보증재단, 구조조정 및 일자리 지원 특례보증 업무협약"
LG상사,1,2015-02-08,2015-02-08,"구조조정 앞둔 LG상사, 본격 인적 구조 개편 나선다"
NH증권,1,2016-07-28,2016-07-28,"NH증권 PE, 기업 구조조정 돕는 PDF 만든다"
KT그룹,1,2012-08-12,2012-08-12,"KT그룹, 휴대폰 제조사업 철수 휴대폰 시장 구조조정"
LB세미콘,1,2025-12-21,2025-12-21,"LB세미콘, 'CB 발행 자사주 매각'에도 결국 구조조정"
KCC글라스,1,2025-06-16,2025-06-16,"KCC글라스, 고양 판매장 울산영업소 폐점...실적부진에 구조조정 신호탄"
KDB산은,1,2019-04-25,2019-04-25,"KDB산은, 구조조정 전담 자회사 ‘KDB인베스트먼트’ 설립"
KDB인베,1,2022-11-08,2022-11-08,"[시그널] KDB인베, 4000억 펀드 결성 선제적 구조조정 추진"
KEB하나,1,2018-08-01,2018-08-01,"KEB하나, 준정년 퇴직 274명 확정 은행권 희망퇴직 신호탄"
KEC,1,2011-11-14,2011-11-14,"[경북] KEC, 대규모 구조조정 시도...노조 반발"
KR모터스,1,2017-05-16,2017-05-16,"KR모터스, 인력 구조조정 마무리 비용구조 개선 기대"
스리랑카,1,2024-11-29,2024-11-29,"[월드 e-브리핑] 스리랑카, IMF 부채 구조조정 계획 발표"
스코넥,1,2026-02-09,2026-02-09,"스코넥, 구조조정 효과 본격화 재무 안정성 기반 자금조달 추진"
LH공사,1,2011-02-25,2011-02-25,"LH공사, 사업지 구조조정 잇따라 사업 철회"
사측,1,2018-04-18,2018-04-18,"[한국GM D-2]사측, 군산공장 직원 추가 희망퇴직 등 제안"
사피온,1,2024-08-07,2024-08-07,"[단독] 사피온, 리벨리온과 합병 전 CTO와 미국 인력 등 구조조정"
산은vs동부,1,2014-10-05,2014-10-05,"산은vs동부, 구조조정 삐끗거릴 때마다 진실공방"
산은금융,1,2010-04-01,2010-04-01,“선제적 구조조정 프로그램 준비할 것”産銀 56돌 민유성 산은금융 회장 기념사서 밝혀
삼강엠앤티,1,2012-02-24,2012-02-24,"삼강엠앤티, 경쟁사 구조조정에 수혜...매수-현대證"
세일즈포스,1,2023-01-04,2023-01-04,"세일즈포스, 인력 10% 감축 등 구조조정 발표"
셀시우스,1,2022-06-27,2022-06-27,"셀시우스, 파산 대비 구조조정 전문가 고용"
소비자심리,1,2016-05-26,2016-05-26,"소비자심리, 조선 해운 산업 구조조정에 다시 비관적으로"
손절매,1,2016-06-23,2016-06-23,"[다산칼럼] 손절매, 구조조정의 한 원칙"
송원산업,1,2013-06-14,2013-06-14,"[퀀트분석]송원산업, 글로벌 산화방지제 업계 구조조정 수혜 종합점수 ‘74점’"
삼환까뮤,1,2012-07-09,2012-07-09,"삼환까뮤, 구조조정 대상등급 분류 조회공시"
선원들,1,2016-05-03,2016-05-03,"선원들, 해운업 구조조정 인력감축 반발"
선창산업,1,2020-01-21,2020-01-21,"선창산업, 노후공장 생산 중단 등 고강도 구조조정 실시"
성장금융,1,2018-08-26,2018-08-26,"성장금융, 1조 펀드 조성 모험자본이 선제 구조조정 주도"
세아제강,1,2015-05-13,2015-05-13,"세아제강, 사고 팔고 사업 구조조정"
세아특수강,1,2016-12-14,2016-12-14,"[퀀트분석] 세아특수강, 美 인프라 투자 확대ㆍ中 구조조정 가격 인상 ‘종합점수 94점’"
서울저축은행,1,2013-02-15,2013-02-15,"서울저축은행, 영남저축은행 계약이전 방식 구조조정 결정"
서울중앙지법-UAMCO,1,2016-06-22,2016-06-22,"서울중앙지법-UAMCO, 회생기업 구조조정 지원 업무협약 체결"
서흥캅셀,1,2011-10-21,2011-10-21,"[특징주]서흥캅셀, 세계1위 업체 구조조정 반사익..강세"
석공,1,2011-06-01,2011-06-01,"석공, 구조조정 단행... 인력 15% 조기 퇴직"
석유,1,2017-03-07,2017-03-07,"석유, 광물공사 구조조정 규모 더욱 확대"
수출,1,2010-01-05,2010-01-05,"[시론/정갑영]수출, 지금이 구조조정 적기"
엔스퍼트,1,2011-10-26,2011-10-26,"[공시Plus]엔스퍼트, 적자지속 SoC사업 중단.. 구조조정 단행"
엔트리브소프트,1,2013-11-10,2013-11-10,"엔트리브소프트, 고강도 구조조정 돌입"
에디슨모터스,1,2022-11-14,2022-11-14,"에디슨모터스, 기업회생절차 신청  도내 청년들 구조조정 대상 될 수도"
에미레이트항공,1,2020-06-01,2020-06-01,"에미레이트항공, 인력 구조조정 착수...“최대 3만 명 감원”"
에스오일,1,2021-03-31,2021-03-31,"에스오일, 정유 설비 구조조정에 따른 수급 개선 주목 -교보"
에어서울,1,2016-06-13,2016-06-13,"에어서울, 다음달 중순 첫 비행 아시아나 구조조정 급물살"
애경그룹,1,2025-09-07,2025-09-07,"애경그룹, 구조조정 마무리 중부CC 이어 모태사업 매각"
애경산업,1,2026-01-27,2026-01-27,"[리포트 브리핑]애경산업, '4Q25 Re: 중국 사업 구조조정 영향 지속 ' - 메리츠증권"
야놀자,1,2023-09-18,2023-09-18,"야놀자, 희망퇴직 단행 IT 시장 부진에 조직 효율화"
야당,1,2015-09-11,2015-09-11,"야당, 복지위서 건강보험 개편ㆍ복지 구조조정 ‘맹공"
승화프리텍,1,2014-08-26,2014-08-26,"[더벨]승화프리텍, 구조조정 + 신규사업 모색 '회사 안정화'"
업무중복,1,2012-11-19,2012-11-19,"[공공기관 구조조정 시작했다 (1) 227개 공공기관 심층점검] 업무중복, 민간과 경쟁, 무분별 영역확장  비효율 수두룩"
에넥스,1,2011-08-25,2011-08-25,"에넥스, 구조조정 효과 보나 2분기 적자 모면"
아주,1,2017-02-20,2017-02-20,"[아주동영상] 임종룡 위원장 ""채권은행, 기업 구조조정에 적극 협조하라"""
아주캐피탈,1,2017-08-21,2017-08-21,"아주캐피탈, 직원의 절반 구조조정, 문재인 정부 일자리 정책과 엇박자"
아크솔루션스,1,2025-03-11,2025-03-11,"아크솔루션스, 구조조정 등 비상경영체제 돌입...70억 유증도 추진"
안동MBC,1,2014-08-22,2014-08-22,"안동MBC, 직원 3분의 1 명예퇴직 대규모 구조조정"
알리안츠,1,2016-04-26,2016-04-26,"알리안츠, 200여명 희망퇴직 ...선제적 구조조정"
알파홀딩스,1,2022-10-05,2022-10-05,"알파홀딩스, 바이오 자회사 해산으로 구조조정 완료 시스템반도체 사업 집중"
우리이티아이,1,2013-02-14,2013-02-14,"우리이티아이, 부진사업 구조조정 완료 실적개선 기대-메리츠종금증권"
우리자산운용,1,2014-07-29,2014-07-29,"우리자산운용, 대규모 구조조정에 분위기 '흉흉'"
언어,1,2015-11-09,2015-11-09,"언어, 문화 달라도 한국식 구조조정은 통했다"
아멕스,1,2013-01-11,2013-01-11,"아멕스, 실적 개선 속 다시 5400명 구조조정"
아모레,1,2020-11-18,2020-11-18,"아모레, 면세점 영업 직원도 희망퇴직 실시 코로나19 여파"
아모레퍼시픽그룹,1,2025-12-05,2025-12-05,"아모레퍼시픽그룹, 5년 만에 희망퇴직 42개월치 기본급 지급"
아웃백,1,2015-04-30,2015-04-30,"아웃백, 구조조정 끝 다시 기지개 켜다"
아이엠투자증권,1,2014-03-28,2014-03-28,제약주 구조조정 생존기업 규모 가치 확대 [아이엠투자증권]
아이티엠반도체,1,2026-01-29,2026-01-29,"아이티엠반도체, 사업 구조조정 예고 “수익없는 확장 경계”"
신한투자,1,2013-12-10,2013-12-10,"신한투자, 희망퇴직 받는다 전직원 대상 노사협상중"
씨티금융지주,1,2012-09-19,2012-09-19,한국씨티금융지주 구조조정 추진
신라면세점,1,2025-04-28,2025-04-28,"신라면세점, 희망퇴직 단행...근속 5년 이상 직원 대상"
신보-기업은행,1,2025-08-14,2025-08-14,"신보-기업은행, 부실징후 기업 조기 발굴하고 사전 구조조정 나선다"
엑스엘게임즈,1,2023-11-08,2023-11-08,"엑스엘게임즈, 희망퇴직 우려 벗어나 게임업계 최초 '상생합의서'"
신용위험평가,1,2026-01-01,2026-01-01,"신용위험평가, 25년만에 개편 사전 구조조정 속도낸다"
LIG넥스원,1,2016-06-13,2016-06-13,"LIG넥스원, 구조조정 중인 대우조선해양 기웃거리는 이유"
시멘트업종,1,2012-04-02,2012-04-02,"시멘트업종, 구조조정 지연과 역성장 리스크 여전[삼성증권]"
시스코시스템즈,1,2022-11-18,2022-11-18,"시스코시스템즈, 호실적 속 구조조정 드라이브...투자자 ‘환호’ (영상)"
시티그룹,1,2023-11-21,2023-11-21,"시티그룹, 고위직 300여명 해고 고강도 구조조정"
시티은행,1,2021-11-11,2021-11-11,"""7억 줄때 나간다"" 희망퇴직 러시 난감해진 시티은행의 묘책"
시프트업,1,2023-07-21,2023-07-21,"시프트업, '데차' 개발팀 희망퇴직 당일통보 논란에 ""사실무근"""
식비,1,2016-06-28,2016-06-28,"식비, 인건비  구조조정 조선 해운, 직원 복지도 ‘쥐어짜기’"
에이앤씨바이오홀딩스,1,2011-11-09,2011-11-09,"에이앤씨바이오홀딩스, “올해 구조조정 통해 흑자전환 하겠다”"
에피밸리,1,2010-02-09,2010-02-09,"에피밸리, LED 중심 구조조정 가속화...재무구조 개선 박차"
신세계인터,1,2020-09-14,2020-09-14,"신세계인터, 패션업 불황 속 국내외 브랜드 구조조정 '속도전'"
롯데리츠,1,2020-03-16,2020-03-16,"롯데리츠, 롯데쇼핑 구조조정 우려는 기우 ""과매도 구간"""
롯데백,1,2021-09-24,2021-09-24,"롯데백, 근속 20년차 이상 전직원 40% 대상 희망퇴직 실시"
SC금융,1,2013-11-21,2013-11-21,"[레이더M] SC금융, 구조조정 가속화"
SC금융지주,1,2014-08-14,2014-08-14,"SC금융지주, 상반기 386억 적자 ... 희망퇴직 실시 영향"
딜로이트안진,1,2017-07-20,2017-07-20,"딜로이트안진, 파트너급 대상 구조조정"
라이브플렉스,1,2014-02-28,2014-02-28,"라이브플렉스, 텐트부분 승승장구+게임은 구조조정"
락액락,1,2018-08-07,2018-08-07,"[특징주]락액락, 구조조정 돌입에 약세"
랑세스,1,2015-08-10,2015-08-10,"랑세스, 2Q 영업이익 3천435억원 ""고무사업 구조조정 착수"""
무협,1,2016-05-22,2016-05-22,"무협, '3조원 투입' MICE인프라 구축한다..코엑스는 구조조정"
사모펀드,1,2016-04-27,2016-04-27,"사모펀드, 기업 구조조정 ‘해결사’로 뜬다"
미래에셋자산,1,2011-09-23,2011-09-23,"미래에셋자산, 미래맵스 통합 논의 구조조정 및 외형경쟁 가속화"
미주제강,1,2010-03-30,2010-03-30,"미주제강, 관계사 구조조정 칼 빼나? "
민생경제회의,1,2016-05-14,2016-05-14,"민생경제회의, 구조조정 등 與野 쟁점 물꼬 틀까"
메탄올,1,2016-05-18,2016-05-18,"[세상읽기] 메탄올, 옥시, 구조조정의 책임과 정치"
면세업계,1,2025-04-01,2025-04-01,"면세업계, 시내면세점 철수 가속화 관광객 감소에 구조조정 불가피"
면세점,1,2020-09-15,2020-09-15,"면세점, 원청 322명 줄 때 하청 1만명 구조조정"
명예퇴직,1,2023-09-27,2023-09-27,"[더 라이프이스트-구건서의 은퇴사용설명서] 명예퇴직, 희망퇴직 함부로 하지 마라"
모토로라,1,2012-12-10,2012-12-10,"모토로라, 한국서 2월 전격 철수 글로벌 구조조정 일환"
마루자문,1,2012-08-27,2012-08-27,"마루자문, 제로인자문 인수... 자문사 구조조정 시동?"
마스터카드,1,2015-01-31,2015-01-31,"마스터카드, 사업부문 통합으로 500명 구조조정"
미국경제,1,2011-09-06,2011-09-06,"[DT 시론] 미국경제, 금융 구조조정에 달렸다"
NYT,1,2016-05-26,2016-05-26,"NYT, 온라인 광고수익 악화로 결국 인력감축 나서"
OBS,1,2017-08-04,2017-08-04,"OBS, 정리해고 철회한다더니 추가 구조조정 가능성?"
ODS,1,2014-05-29,2014-05-29,"[기자수첩]ODS, 구조조정 수단 변질돼선 안돼"
P&G,1,2015-10-31,2015-10-31,"P&G, 180개 브랜드를 65개로 '포트폴리오 구조조정 시대'"
PF배드뱅크,1,2011-04-19,2011-04-19,"PF배드뱅크, 부실사업장 구조조정 전권행사"
LS산전,1,2017-01-19,2017-01-19,"[로봇뉴스]LS산전, ""4Q16 구조조정 "" 매수(유지)-신한금융투자"
LS전선,1,2013-05-16,2013-05-16,"[더벨]LS전선, 'SPSX' 유럽 사업 구조조정 검토"
두산테스나,1,2024-11-18,2024-11-18,"[리포트 브리핑]두산테스나, '고객사 구조조정 영향으로 동사 실적 성장도 둔화 전망' 목표가 41,000원 - BNK투자증권"
디스플레이,1,2016-05-19,2016-05-19,"디스플레이, 하반기 구조조정 효과 기대-현대"
디아이씨,1,2010-05-17,2010-05-17,"디아이씨, 실적 개선과 구조조정 효과 가시화<부국證>"
롯데GRS,1,2021-02-10,2021-02-10,"롯데GRS, 임직원 대상 희망퇴직 공문 발송"
롯데컬쳐웍스,1,2025-11-28,2025-11-28,"롯데컬쳐웍스, 다음달 초까지 희망퇴직 실시"
롯데케미칼-HD현대케미칼,1,2025-11-26,2025-11-26,"롯데케미칼-HD현대케미칼, 대산 NCC 통폐합 자율 구조조정 첫 물꼬"
롯데푸드,1,2021-11-08,2021-11-08,"[리포트 브리핑]롯데푸드, '3Q21 Review: 구조조정 지속으로 예상치 하회' 목표가 500,000원 - 케이프투자증권"
르네사스,1,2012-03-27,2012-03-27,"르네사스, 日 공장 매각..자체 구조조정 `속도`"
롯데손해보험,1,2012-12-21,2012-12-21,"[특징주]롯데손해보험, 창사 후 첫 희망퇴직에 신저가 경신"
롯데월드,1,2010-06-01,2010-06-01,"롯데월드, 수상한 구조조정 논란"
롯데정밀화학,1,2026-02-05,2026-02-05,"[리포트 브리핑]롯데정밀화학, '중국 PVC 구조조정과 반도체 수요 강세의 수혜' 목표가 60,000원 - 하나증권"
롯데제과,1,2019-06-06,2019-06-06,"[PICK?UP!]롯데제과, 구조조정의 단맛을 맛볼 때"
롯데제과-칠성,1,2019-03-12,2019-03-12,"롯데제과-칠성, 중국공장 구조조정 나서 “매각 등 방안 검토”"
로터스,1,2025-04-19,2025-04-19,"로터스, 실적 및 관세 부담으로 270명 구조조정"
딕스스포팅굿즈,1,2025-11-25,2025-11-25,"[美특징주]딕스스포팅굿즈, 풋락커 구조조정 계획 개장전 약세"
버드라이트,1,2023-08-04,2023-08-04,"버드라이트, 트랜스젠더 협찬했다가 매출 급감해 눈물의 구조조정 착수"
버스업계,1,2019-04-28,2019-04-28,"버스업계, 시외노선 구조조정 예고"
법원-캠코,1,2015-07-21,2015-07-21,"법원-캠코, 회생절차기업 구조조정 지원 나선다"
베르사체,1,2011-03-30,2011-03-30,"베르사체, 살아남기 위해선 구조조정 필수"
베스트바이,1,2015-03-29,2015-03-29,"베스트바이, 캐나다 매장 66곳 폐쇄 1500명 구조조정"
바클레이스,1,2014-03-15,2014-03-15,"바클레이스, 대규모 IB 구조조정 예고"
박원순,1,2011-12-22,2011-12-22,"박원순, 뉴타운 구조조정 시작 수혜 사업지는?"
방코포풀라르은행,1,2011-11-08,2011-11-08,"스페인 방코 포풀라르은행 CEO ""은행 2차 구조조정 시작했다"""
삼성테크윈,1,2011-04-04,2011-04-04,"삼성테크윈, 카메라모듈 구조조정 반영..목표가↓<대신證>"
삼양그룹,1,2025-12-04,2025-12-04,"[단독] 삼양그룹, 희망퇴직 단행 “조직문화 개편 차원”"
말레이항공,1,2014-08-08,2014-08-08,말레이항공 100% 국유화 고강도 구조조정
삼일회계,1,2010-03-02,2010-03-02,"[단독] 삼일회계, 본격 구조조정 하나"
삼화고속,1,2012-09-10,2012-09-10,"삼화고속, 사측 구조조정 반발 '경고파업'"
삼성엔지니어링,1,2013-07-22,2013-07-22,"[특징주]삼성엔지니어링, 구조조정 소식에 반등"
삼성전기-디스플레이,1,2014-07-15,2014-07-15,"삼성전기-디스플레이, 인력 구조조정 검토"
삼성중공업-대우조선해양,1,2016-05-16,2016-05-16,"삼성중공업-대우조선해양, “추가 구조조정 어쩌나”"
삼성D,1,2017-04-25,2017-04-25,"삼성D, LCD 구조조정 속 UHD 확산 속도"
삼성SDS,1,2016-11-25,2016-11-25,"삼성SDS, 연말 구조조정 괴담"
삼성거제호텔,1,2016-06-10,2016-06-10,"산업은행, 구조조정 시작 전에 삼성중공업 소유 삼성거제호텔 담보 설정"
삼성건설,1,2010-06-08,2010-06-08,"삼성건설, 대대적 구조조정 나서"
사립대-정부,1,2011-11-02,2011-11-02,"사립대-정부, 대학 구조조정 놓고 `정면충돌`"
삼양홀딩스,1,2015-12-14,2015-12-14,"삼양홀딩스, 화학 자회사 구조조정 시 주가 할증 기대-유안타"
머크,1,2011-07-29,2011-07-29,"머크, 2Q 실적개선..인력 구조조정 확대(상보)"
메디포스트,1,2017-04-17,2017-04-17,"[단독] 메디포스트, '셀피움' 독됐나...화장품사업 구조조정"
메리츠종금,1,2011-07-28,2011-07-28,"메리츠종금, 모두투어 중소여행사 구조조정 수혜주"
메이시스,1,2016-01-07,2016-01-07,"메이시스, 대규모 감원 실적부진에 구조조정"
르네사스일렉트로닉스,1,2012-05-25,2012-05-25,"르네사스일렉트로닉스, 1만명 구조조정 계획 세워"
르네사스테크놀로지,1,2019-04-15,2019-04-15,"르네사스테크놀로지, 반도체 시장 축소에 일본 판매망 구조조정"
르노그룹,1,2021-01-17,2021-01-17,"르노그룹, 수익성 중심의 경영전략 발표 구조조정 시작되나"
리서치인모션,1,2011-07-25,2011-07-25,"리서치인모션, 2000명 구조조정 착수"
리주그룹,1,2020-12-07,2020-12-07,"[중국 마이종목]리주그룹, 자회사 구조조정 후 시장 기대감 커져"
리켐,1,2018-12-11,2018-12-11,"리켐, 자산 매각 등 사업 구조조정 추진..""의약품 의료기기 등 신사업"""
뱅크샐러드,1,2023-03-07,2023-03-07,"[단독]뱅크샐러드, 구조조정 돌입"
블랙베리,1,2013-11-26,2013-11-26,"블랙베리, 고위 임원 물갈이로 고강도 구조조정 돌입"
비씨카드,1,2017-01-08,2017-01-08,"비씨카드, 희망퇴직 첫 돌입 카드업계 확산 가능성 `주목`"
비트나인,1,2024-11-01,2024-11-01,"비트나인, 주주배정 유상증자 및 대대적 구조조정 단행"
빅테크,1,2023-03-21,2023-03-21,"빅테크, 2차 구조조정 시작되나 아마존 9000명 추가 해고"
빙그레,1,2026-01-14,2026-01-14,"[단독]빙그레, 전 직원 대상 희망퇴직 단행 합병과는 관계 '無'"
벽산건설,1,2012-12-30,2012-12-30,"벽산건설, 구조조정 및 조직개편 단행"
부동산,1,2015-09-01,2015-09-01,"부동산, 中국유기업개혁 선도 M&A 구조조정 대형화 재편가속"
부채탕감,1,2017-06-02,2017-06-02,"[생생경제] 부채탕감, 구조조정 닮아...발전 기회로 삼아야"
블랙락,1,2013-03-19,2013-03-19,"블랙락, 구조조정 확대 300명 인력 감축"
뱅크먼-프리드,1,2022-12-04,2022-12-04,"뱅크먼-프리드, 알라메다 특혜 인정...FTX, 구조조정 작업 시작"
링크드인,1,2023-10-17,2023-10-17,"링크드인, 5개월 만에 668명 해고 올해 두 번째 구조조정"
